<?xml version="1.0" encoding="UTF-8"?>

<project name="Polyspace" files="3" includes="19" ap_cg_cycle="0" ap_cg_direct_cycle="0" pshv="0" unpshv="0">
<file name="C:\Workspace\_EA4\_Components\NM010B_ProgMfgSrv_Impl-kzdyfh\NM010B_ProgMfgSrv_Impl\src\SrvFED1.c" total_lines="88" lines_without_cmt="33" comf="30" fco="1">
<function name="ProgMfgSrv_SrvFED1Wr" path="2" goto="0" vg="2" calling="0" calls="1" param="1" stmt="5" level="1" return="1" vocf="2.0" flin="11" fxln="4" ncalls="1">
</function>
<function name="ProgMfgSrv_SrvFED1Rd" path="2" goto="0" vg="2" calling="0" calls="1" param="1" stmt="6" level="1" return="1" vocf="2.0" flin="13" fxln="5" ncalls="1">
</function>
</file>
<file name="C:\Workspace\_EA4\_Components\NM010B_ProgMfgSrv_Impl-kzdyfh\NM010B_ProgMfgSrv_Impl\src\SrvFED0.c" total_lines="88" lines_without_cmt="33" comf="30" fco="1">
<function name="ProgMfgSrv_SrvFED0Wr" path="2" goto="0" vg="2" calling="0" calls="1" param="1" stmt="5" level="1" return="1" vocf="2.0" flin="11" fxln="4" ncalls="1">
</function>
<function name="ProgMfgSrv_SrvFED0Rd" path="2" goto="0" vg="2" calling="0" calls="1" param="1" stmt="6" level="1" return="1" vocf="2.0" flin="13" fxln="5" ncalls="1">
</function>
</file>
<file name="C:\Workspace\_EA4\_Components\NM010B_ProgMfgSrv_Impl-kzdyfh\NM010B_ProgMfgSrv_Impl\src\ProgMfgSrv.c" total_lines="146" lines_without_cmt="8" comf="100" fco="0">
<function name="ProgMfgSrvInit1" path="1" goto="0" vg="1" calling="0" calls="0" param="0" stmt="0" level="1" return="0" vocf="1.2" flin="10" fxln="0" ncalls="0">
</function>
</file>
</project>
