<?xml version="1.0" encoding="UTF-8"?>
<MISRA-C-Report-Summary>
<File Mode="advisory" Error="0" Warning="4" Total="4">
<Name>
C:\_PratikJadhav\_Synergy_Projects\Working\MM097A_BmwMsgSlot55Bas0Repn2BusFrChA_Impl\src\BmwMsgSlot55Bas0Repn2BusFrChA.c</Name>
</File>
<File Mode="required" Error="0" Warning="9" Total="9">
<Name>
C:\_PratikJadhav\_Synergy_Projects\Working\MM097A_BmwMsgSlot55Bas0Repn2BusFrChA_Impl\src\BmwMsgSlot55Bas0Repn2BusFrChA.c</Name>
</File>
<Rule Name="19.1" Count="4" Mode="advisory" Severity="warning">
<Message>
#include statements in a file shall only be preceded by other preprocessor directives or comments.</Message>
</Rule>
<Rule Name="10.1" Count="3" Mode="required" Severity="warning">
<Message>
</Message>
</Rule>
<Rule Name="5.1" Count="3" Mode="required" Severity="warning">
<Message>
Identifiers "BmwMsgSlot55Bas0Repn2BusFrChA_STOP_SEC_CODE" (BmwMsgSlot55Bas0Repn2 ...</Message>
</Rule>
<Rule Name="8.10" Count="3" Mode="required" Severity="warning">
<Message>
</Message>
</Rule>
</MISRA-C-Report-Summary>
