<?xml version="1.0" encoding="UTF-8"?>
<MISRA-AC-AGC-Report-Summary>
<File Mode="OBL" Error="0" Warning="2" Total="2">
<Name>
C:\Nimmy\Autocode\BMW\BMW_Production\SF072\SF072A_ClsdLoopDampg_Impl\src\ClsdLoopDampg.c</Name>
</File>
<File Mode="REC" Error="0" Warning="1" Total="1">
<Name>
C:\Nimmy\Autocode\BMW\BMW_Production\SF072\SF072A_ClsdLoopDampg_Impl\src\ClsdLoopDampg.c</Name>
</File>
<Rule Name="19.1" Count="1" Mode="REC" Severity="warning">
<Message>
#include statements in a file shall only be preceded by other preprocessor directives or comments.</Message>
</Rule>
<Rule Name="8.1" Count="1" Mode="OBL" Severity="warning">
<Message>
Function 'ClsdLoopDampg_Init' has no visible prototype at definition.</Message>
</Rule>
<Rule Name="8.10" Count="1" Mode="OBL" Severity="warning">
<Message>
Function 'ClsdLoopDampg_Init' should have internal linkage.</Message>
</Rule>
</MISRA-AC-AGC-Report-Summary>
