<?xml version="1.0" encoding="UTF-8"?>
<MISRA-C-Report-Summary>
<File Mode="required" Error="0" Warning="3" Total="3">
<Name>
C:\Component\Working\CM640B_MotAg1Meas_Impl\include\CDD_MotAg1Meas_MotCtrl_MemMap.h</Name>
</File>
<File Mode="advisory" Error="0" Warning="4" Total="4">
<Name>
C:\Component\Working\CM640B_MotAg1Meas_Impl\src\CDD_MotAg1Meas.c</Name>
</File>
<File Mode="required" Error="0" Warning="12" Total="12">
<Name>
C:\Component\Working\CM640B_MotAg1Meas_Impl\src\CDD_MotAg1Meas.c</Name>
</File>
<File Mode="advisory" Error="0" Warning="2" Total="2">
<Name>
C:\Component\Working\CM640B_MotAg1Meas_Impl\src\CDD_MotAg1Meas_MotCtrl.c</Name>
</File>
<File Mode="required" Error="0" Warning="3" Total="3">
<Name>
C:\Component\Working\CM640B_MotAg1Meas_Impl\src\CDD_MotAg1Meas_MotCtrl.c</Name>
</File>
<Rule Name="12.12" Count="10" Mode="required" Severity="warning">
<Message>
The underlying bit representations of floating-point values shall not be used.</Message>
</Rule>
<Rule Name="19.1" Count="6" Mode="advisory" Severity="warning">
<Message>
#include statements in a file shall only be preceded by other preprocessor directives or comments.</Message>
</Rule>
<Rule Name="13.7" Count="2" Mode="required" Severity="warning">
<Message>
Boolean operations whose results are invariant shall not be permitted.</Message>
</Rule>
<Rule Name="19.6" Count="2" Mode="required" Severity="warning">
<Message>
#undef shall not be used.</Message>
</Rule>
<Rule Name="1.1" Count="1" Mode="required" Severity="warning">
<Message>
All code shall conform to ISO 9899:1990 Programming languages  C,</Message>
</Rule>
<Rule Name="19.15" Count="1" Mode="required" Severity="warning">
<Message>
Precautions shall be taken in order to prevent the contents of a header file being included twice.</Message>
</Rule>
<Rule Name="5.1" Count="1" Mode="required" Severity="warning">
<Message>
Identifiers "MotAgTurnCntrRollgCntr_Cnt_T_u08" (CDD_MotAg1Meas.c line 1323 colum ...</Message>
</Rule>
<Rule Name="8.10" Count="1" Mode="required" Severity="warning">
<Message>
Function 'MotAg1CfgLoPwrMod' should have internal linkage.</Message>
</Rule>
</MISRA-C-Report-Summary>
