<?xml version="1.0" encoding="UTF-8"?>
<MISRA-C-Report-Summary>
<File Mode="advisory" Error="0" Warning="2" Total="2">
<Name>
C:\_Synergy_Projects\Working\ES259B_BattVltgCorrln_Impl\src\BattVltgCorrln.c</Name>
</File>
<File Mode="required" Error="0" Warning="7" Total="7">
<Name>
C:\_Synergy_Projects\Working\ES259B_BattVltgCorrln_Impl\src\BattVltgCorrln.c</Name>
</File>
<Rule Name="5.1" Count="7" Mode="required" Severity="warning">
<Message>
</Message>
</Rule>
<Rule Name="19.1" Count="2" Mode="advisory" Severity="warning">
<Message>
#include statements in a file shall only be preceded by other preprocessor directives or comments.</Message>
</Rule>
</MISRA-C-Report-Summary>
