<?xml version="1.0" encoding="UTF-8"?>

<project name="Polyspace" files="3" includes="28" ap_cg_cycle="0" ap_cg_direct_cycle="0" pshv="0" unpshv="0">
<file name="C:\_Synergy_Projects\Working\ses_dev_ea4\SF105A_MotCurrRegVltgLimr_Impl\tools\local\generate\Rte_Stubs.c" total_lines="23" lines_without_cmt="7" comf="50" fco="2">
<function name="Rte_Stub" path="1" goto="0" vg="1" calling="0" calls="2" param="0" stmt="2" level="1" return="0" vocf="1.7" flin="2" fxln="2" ncalls="2">
</function>
<function name="FilHpInit" path="1" goto="0" vg="1" calling="0" calls="2" param="4" stmt="2" level="1" return="0" vocf="2.1" flin="0" fxln="0" ncalls="2">
</function>
<function name="FilHpUpdOutp_f32" path="1" goto="0" vg="1" calling="0" calls="1" param="2" stmt="1" level="1" return="1" vocf="1.8" flin="0" fxln="0" ncalls="1">
</function>
<function name="FilHpUpdGain" path="1" goto="0" vg="1" calling="3" calls="3" param="3" stmt="2" level="1" return="0" vocf="2.7" flin="0" fxln="0" ncalls="3">
</function>
<function name="FilLpInit" path="1" goto="0" vg="1" calling="4" calls="1" param="4" stmt="2" level="1" return="0" vocf="1.7" flin="0" fxln="0" ncalls="1">
</function>
<function name="FilLpUpdOutp_f32" path="1" goto="0" vg="1" calling="4" calls="0" param="2" stmt="2" level="1" return="1" vocf="2.0" flin="0" fxln="0" ncalls="0">
</function>
<function name="FilLpUpdGain" path="1" goto="0" vg="1" calling="6" calls="1" param="3" stmt="1" level="1" return="0" vocf="4.2" flin="0" fxln="0" ncalls="1">
</function>
<function name="SinLookup" path="8" goto="0" vg="4" calling="0" calls="0" param="1" stmt="14" level="1" return="1" vocf="3.6" flin="0" fxln="0" ncalls="0">
</function>
<function name="SinCos_f32" path="16" goto="0" vg="17" calling="0" calls="0" param="3" stmt="56" level="1" return="0" vocf="10.9" flin="0" fxln="0" ncalls="0">
</function>
<function name="Mod_f32" path="1" goto="0" vg="1" calling="0" calls="1" param="2" stmt="1" level="1" return="1" vocf="1.7" flin="0" fxln="0" ncalls="1">
</function>
<function name="Sqrt_f32" path="1" goto="0" vg="1" calling="4" calls="1" param="1" stmt="1" level="1" return="1" vocf="1.5" flin="0" fxln="0" ncalls="1">
</function>
<function name="Exp_f32" path="1" goto="0" vg="1" calling="6" calls="1" param="1" stmt="1" level="1" return="1" vocf="1.5" flin="0" fxln="0" ncalls="1">
</function>
<function name="Cos_f32" path="1" goto="0" vg="1" calling="0" calls="1" param="1" stmt="1" level="1" return="1" vocf="1.5" flin="0" fxln="0" ncalls="1">
</function>
<function name="Sin_f32" path="1" goto="0" vg="1" calling="0" calls="1" param="1" stmt="1" level="1" return="1" vocf="1.5" flin="0" fxln="0" ncalls="1">
</function>
<function name="Arctan2_f32" path="1" goto="0" vg="1" calling="1" calls="1" param="2" stmt="1" level="1" return="1" vocf="1.7" flin="0" fxln="0" ncalls="1">
</function>
<function name="Lim_f32" path="1" goto="0" vg="3" calling="5" calls="0" param="3" stmt="1" level="1" return="1" vocf="3.1" flin="0" fxln="0" ncalls="0">
</function>
<function name="Lim_u32" path="1" goto="0" vg="3" calling="0" calls="0" param="3" stmt="1" level="1" return="1" vocf="3.1" flin="0" fxln="0" ncalls="0">
</function>
<function name="Lim_s32" path="1" goto="0" vg="3" calling="0" calls="0" param="3" stmt="1" level="1" return="1" vocf="3.1" flin="0" fxln="0" ncalls="0">
</function>
<function name="Lim_u16" path="1" goto="0" vg="3" calling="0" calls="0" param="3" stmt="1" level="1" return="1" vocf="3.1" flin="0" fxln="0" ncalls="0">
</function>
<function name="Lim_s16" path="1" goto="0" vg="3" calling="0" calls="0" param="3" stmt="1" level="1" return="1" vocf="3.1" flin="0" fxln="0" ncalls="0">
</function>
<function name="Lim_u08" path="1" goto="0" vg="3" calling="0" calls="0" param="3" stmt="1" level="1" return="1" vocf="3.1" flin="0" fxln="0" ncalls="0">
</function>
<function name="Lim_s08" path="1" goto="0" vg="3" calling="0" calls="0" param="3" stmt="1" level="1" return="1" vocf="3.1" flin="0" fxln="0" ncalls="0">
</function>
<function name="Max_f32" path="1" goto="0" vg="2" calling="1" calls="0" param="2" stmt="1" level="1" return="1" vocf="2.2" flin="0" fxln="0" ncalls="0">
</function>
<function name="Max_u32" path="1" goto="0" vg="2" calling="0" calls="0" param="2" stmt="1" level="1" return="1" vocf="2.2" flin="0" fxln="0" ncalls="0">
</function>
<function name="Max_s32" path="1" goto="0" vg="2" calling="0" calls="0" param="2" stmt="1" level="1" return="1" vocf="2.2" flin="0" fxln="0" ncalls="0">
</function>
<function name="Max_u16" path="1" goto="0" vg="2" calling="0" calls="0" param="2" stmt="1" level="1" return="1" vocf="2.2" flin="0" fxln="0" ncalls="0">
</function>
<function name="Max_s16" path="1" goto="0" vg="2" calling="0" calls="0" param="2" stmt="1" level="1" return="1" vocf="2.2" flin="0" fxln="0" ncalls="0">
</function>
<function name="Max_u08" path="1" goto="0" vg="2" calling="0" calls="0" param="2" stmt="1" level="1" return="1" vocf="2.2" flin="0" fxln="0" ncalls="0">
</function>
<function name="Max_s08" path="1" goto="0" vg="2" calling="0" calls="0" param="2" stmt="1" level="1" return="1" vocf="2.2" flin="0" fxln="0" ncalls="0">
</function>
<function name="Min_f32" path="1" goto="0" vg="2" calling="1" calls="0" param="2" stmt="1" level="1" return="1" vocf="2.2" flin="0" fxln="0" ncalls="0">
</function>
<function name="Min_u32" path="1" goto="0" vg="2" calling="0" calls="0" param="2" stmt="1" level="1" return="1" vocf="2.2" flin="0" fxln="0" ncalls="0">
</function>
<function name="Min_s32" path="1" goto="0" vg="2" calling="0" calls="0" param="2" stmt="1" level="1" return="1" vocf="2.2" flin="0" fxln="0" ncalls="0">
</function>
<function name="Min_u16" path="1" goto="0" vg="2" calling="0" calls="0" param="2" stmt="1" level="1" return="1" vocf="2.2" flin="0" fxln="0" ncalls="0">
</function>
<function name="Min_s16" path="1" goto="0" vg="2" calling="0" calls="0" param="2" stmt="1" level="1" return="1" vocf="2.2" flin="0" fxln="0" ncalls="0">
</function>
<function name="Min_u08" path="1" goto="0" vg="2" calling="0" calls="0" param="2" stmt="1" level="1" return="1" vocf="2.2" flin="0" fxln="0" ncalls="0">
</function>
<function name="Min_s08" path="1" goto="0" vg="2" calling="0" calls="0" param="2" stmt="1" level="1" return="1" vocf="2.2" flin="0" fxln="0" ncalls="0">
</function>
<function name="Sign_s08_f32" path="1" goto="0" vg="2" calling="0" calls="0" param="1" stmt="1" level="1" return="1" vocf="2.2" flin="0" fxln="0" ncalls="0">
</function>
<function name="Sign_s08_s32" path="1" goto="0" vg="2" calling="0" calls="0" param="1" stmt="1" level="1" return="1" vocf="2.2" flin="0" fxln="0" ncalls="0">
</function>
<function name="Sign_s08_s16" path="1" goto="0" vg="2" calling="0" calls="0" param="1" stmt="1" level="1" return="1" vocf="2.2" flin="0" fxln="0" ncalls="0">
</function>
<function name="Sign_s08_s08" path="1" goto="0" vg="2" calling="0" calls="0" param="1" stmt="1" level="1" return="1" vocf="2.3" flin="0" fxln="0" ncalls="0">
</function>
<function name="Abslt_f32_f32" path="1" goto="0" vg="1" calling="0" calls="1" param="1" stmt="1" level="1" return="1" vocf="1.5" flin="0" fxln="0" ncalls="1">
</function>
<function name="Abslt_u32_s32" path="1" goto="0" vg="2" calling="0" calls="0" param="1" stmt="1" level="1" return="1" vocf="2.8" flin="0" fxln="0" ncalls="0">
</function>
<function name="Abslt_u16_s16" path="1" goto="0" vg="2" calling="0" calls="0" param="1" stmt="1" level="1" return="1" vocf="2.8" flin="0" fxln="0" ncalls="0">
</function>
<function name="Abslt_u08_s08" path="1" goto="0" vg="2" calling="0" calls="0" param="1" stmt="1" level="1" return="1" vocf="2.8" flin="0" fxln="0" ncalls="0">
</function>
<function name="Blnd_f32" path="1" goto="0" vg="1" calling="0" calls="0" param="3" stmt="1" level="1" return="1" vocf="6.0" flin="0" fxln="0" ncalls="0">
</function>
</file>
<file name="C:\_Synergy_Projects\Working\ses_dev_ea4\SF105A_MotCurrRegVltgLimr_Impl\src\CDD_MotCurrRegVltgLimr_MotCtrl.c" total_lines="758" lines_without_cmt="526" comf="12" fco="28">
<function name="Decoder" path="8" goto="0" vg="4" calling="1" calls="0" param="4" stmt="9" level="1" return="0" vocf="4.2" flin="27" fxln="12" ncalls="0">
</function>
<function name="MotCurr_Pred" path="2" goto="0" vg="2" calling="1" calls="1" param="14" stmt="10" level="1" return="0" vocf="5.0" flin="23" fxln="11" ncalls="2">
</function>
<function name="LoaScaFac" path="16" goto="0" vg="5" calling="1" calls="1" param="8" stmt="16" level="1" return="0" vocf="10.4" flin="59" fxln="36" ncalls="8">
</function>
<function name="ErrorCalcQax" path="2" goto="0" vg="2" calling="1" calls="1" param="6" stmt="9" level="1" return="1" vocf="3.6" flin="21" fxln="10" ncalls="1">
</function>
<function name="KpKiCtrl" path="2" goto="0" vg="2" calling="1" calls="3" param="11" stmt="9" level="1" return="0" vocf="3.5" flin="26" fxln="13" ncalls="3">
</function>
<function name="MotCurrRegVltgLimrPer1" path="144" goto="0" vg="9" calling="1" calls="9" param="0" stmt="116" level="2" return="0" vocf="6.8" flin="352" fxln="178" ncalls="19">
</function>
<function name="FilHpInit" path="1" goto="0" vg="1" calling="0" calls="2" param="4" stmt="2" level="1" return="0" vocf="2.1" flin="0" fxln="0" ncalls="2">
</function>
<function name="FilHpUpdOutp_f32" path="1" goto="0" vg="1" calling="0" calls="1" param="2" stmt="1" level="1" return="1" vocf="1.8" flin="0" fxln="0" ncalls="1">
</function>
<function name="FilHpUpdGain" path="1" goto="0" vg="1" calling="3" calls="3" param="3" stmt="2" level="1" return="0" vocf="2.7" flin="0" fxln="0" ncalls="3">
</function>
<function name="FilLpInit" path="1" goto="0" vg="1" calling="4" calls="1" param="4" stmt="2" level="1" return="0" vocf="1.7" flin="0" fxln="0" ncalls="1">
</function>
<function name="FilLpUpdOutp_f32" path="1" goto="0" vg="1" calling="4" calls="0" param="2" stmt="2" level="1" return="1" vocf="2.0" flin="0" fxln="0" ncalls="0">
</function>
<function name="FilLpUpdGain" path="1" goto="0" vg="1" calling="6" calls="1" param="3" stmt="1" level="1" return="0" vocf="4.2" flin="0" fxln="0" ncalls="1">
</function>
<function name="SinLookup" path="8" goto="0" vg="4" calling="0" calls="0" param="1" stmt="14" level="1" return="1" vocf="3.6" flin="0" fxln="0" ncalls="0">
</function>
<function name="SinCos_f32" path="16" goto="0" vg="17" calling="0" calls="0" param="3" stmt="56" level="1" return="0" vocf="10.9" flin="0" fxln="0" ncalls="0">
</function>
<function name="Mod_f32" path="1" goto="0" vg="1" calling="0" calls="1" param="2" stmt="1" level="1" return="1" vocf="1.7" flin="0" fxln="0" ncalls="1">
</function>
<function name="Sqrt_f32" path="1" goto="0" vg="1" calling="4" calls="1" param="1" stmt="1" level="1" return="1" vocf="1.5" flin="0" fxln="0" ncalls="1">
</function>
<function name="Exp_f32" path="1" goto="0" vg="1" calling="6" calls="1" param="1" stmt="1" level="1" return="1" vocf="1.5" flin="0" fxln="0" ncalls="1">
</function>
<function name="Cos_f32" path="1" goto="0" vg="1" calling="0" calls="1" param="1" stmt="1" level="1" return="1" vocf="1.5" flin="0" fxln="0" ncalls="1">
</function>
<function name="Sin_f32" path="1" goto="0" vg="1" calling="0" calls="1" param="1" stmt="1" level="1" return="1" vocf="1.5" flin="0" fxln="0" ncalls="1">
</function>
<function name="Arctan2_f32" path="1" goto="0" vg="1" calling="1" calls="1" param="2" stmt="1" level="1" return="1" vocf="1.7" flin="0" fxln="0" ncalls="1">
</function>
<function name="Lim_f32" path="1" goto="0" vg="3" calling="5" calls="0" param="3" stmt="1" level="1" return="1" vocf="3.1" flin="0" fxln="0" ncalls="0">
</function>
<function name="Lim_u32" path="1" goto="0" vg="3" calling="0" calls="0" param="3" stmt="1" level="1" return="1" vocf="3.1" flin="0" fxln="0" ncalls="0">
</function>
<function name="Lim_s32" path="1" goto="0" vg="3" calling="0" calls="0" param="3" stmt="1" level="1" return="1" vocf="3.1" flin="0" fxln="0" ncalls="0">
</function>
<function name="Lim_u16" path="1" goto="0" vg="3" calling="0" calls="0" param="3" stmt="1" level="1" return="1" vocf="3.1" flin="0" fxln="0" ncalls="0">
</function>
<function name="Lim_s16" path="1" goto="0" vg="3" calling="0" calls="0" param="3" stmt="1" level="1" return="1" vocf="3.1" flin="0" fxln="0" ncalls="0">
</function>
<function name="Lim_u08" path="1" goto="0" vg="3" calling="0" calls="0" param="3" stmt="1" level="1" return="1" vocf="3.1" flin="0" fxln="0" ncalls="0">
</function>
<function name="Lim_s08" path="1" goto="0" vg="3" calling="0" calls="0" param="3" stmt="1" level="1" return="1" vocf="3.1" flin="0" fxln="0" ncalls="0">
</function>
<function name="Max_f32" path="1" goto="0" vg="2" calling="1" calls="0" param="2" stmt="1" level="1" return="1" vocf="2.2" flin="0" fxln="0" ncalls="0">
</function>
<function name="Max_u32" path="1" goto="0" vg="2" calling="0" calls="0" param="2" stmt="1" level="1" return="1" vocf="2.2" flin="0" fxln="0" ncalls="0">
</function>
<function name="Max_s32" path="1" goto="0" vg="2" calling="0" calls="0" param="2" stmt="1" level="1" return="1" vocf="2.2" flin="0" fxln="0" ncalls="0">
</function>
<function name="Max_u16" path="1" goto="0" vg="2" calling="0" calls="0" param="2" stmt="1" level="1" return="1" vocf="2.2" flin="0" fxln="0" ncalls="0">
</function>
<function name="Max_s16" path="1" goto="0" vg="2" calling="0" calls="0" param="2" stmt="1" level="1" return="1" vocf="2.2" flin="0" fxln="0" ncalls="0">
</function>
<function name="Max_u08" path="1" goto="0" vg="2" calling="0" calls="0" param="2" stmt="1" level="1" return="1" vocf="2.2" flin="0" fxln="0" ncalls="0">
</function>
<function name="Max_s08" path="1" goto="0" vg="2" calling="0" calls="0" param="2" stmt="1" level="1" return="1" vocf="2.2" flin="0" fxln="0" ncalls="0">
</function>
<function name="Min_f32" path="1" goto="0" vg="2" calling="1" calls="0" param="2" stmt="1" level="1" return="1" vocf="2.2" flin="0" fxln="0" ncalls="0">
</function>
<function name="Min_u32" path="1" goto="0" vg="2" calling="0" calls="0" param="2" stmt="1" level="1" return="1" vocf="2.2" flin="0" fxln="0" ncalls="0">
</function>
<function name="Min_s32" path="1" goto="0" vg="2" calling="0" calls="0" param="2" stmt="1" level="1" return="1" vocf="2.2" flin="0" fxln="0" ncalls="0">
</function>
<function name="Min_u16" path="1" goto="0" vg="2" calling="0" calls="0" param="2" stmt="1" level="1" return="1" vocf="2.2" flin="0" fxln="0" ncalls="0">
</function>
<function name="Min_s16" path="1" goto="0" vg="2" calling="0" calls="0" param="2" stmt="1" level="1" return="1" vocf="2.2" flin="0" fxln="0" ncalls="0">
</function>
<function name="Min_u08" path="1" goto="0" vg="2" calling="0" calls="0" param="2" stmt="1" level="1" return="1" vocf="2.2" flin="0" fxln="0" ncalls="0">
</function>
<function name="Min_s08" path="1" goto="0" vg="2" calling="0" calls="0" param="2" stmt="1" level="1" return="1" vocf="2.2" flin="0" fxln="0" ncalls="0">
</function>
<function name="Sign_s08_f32" path="1" goto="0" vg="2" calling="0" calls="0" param="1" stmt="1" level="1" return="1" vocf="2.2" flin="0" fxln="0" ncalls="0">
</function>
<function name="Sign_s08_s32" path="1" goto="0" vg="2" calling="0" calls="0" param="1" stmt="1" level="1" return="1" vocf="2.2" flin="0" fxln="0" ncalls="0">
</function>
<function name="Sign_s08_s16" path="1" goto="0" vg="2" calling="0" calls="0" param="1" stmt="1" level="1" return="1" vocf="2.2" flin="0" fxln="0" ncalls="0">
</function>
<function name="Sign_s08_s08" path="1" goto="0" vg="2" calling="0" calls="0" param="1" stmt="1" level="1" return="1" vocf="2.3" flin="0" fxln="0" ncalls="0">
</function>
<function name="Abslt_f32_f32" path="1" goto="0" vg="1" calling="0" calls="1" param="1" stmt="1" level="1" return="1" vocf="1.5" flin="0" fxln="0" ncalls="1">
</function>
<function name="Abslt_u32_s32" path="1" goto="0" vg="2" calling="0" calls="0" param="1" stmt="1" level="1" return="1" vocf="2.8" flin="0" fxln="0" ncalls="0">
</function>
<function name="Abslt_u16_s16" path="1" goto="0" vg="2" calling="0" calls="0" param="1" stmt="1" level="1" return="1" vocf="2.8" flin="0" fxln="0" ncalls="0">
</function>
<function name="Abslt_u08_s08" path="1" goto="0" vg="2" calling="0" calls="0" param="1" stmt="1" level="1" return="1" vocf="2.8" flin="0" fxln="0" ncalls="0">
</function>
<function name="Blnd_f32" path="1" goto="0" vg="1" calling="0" calls="0" param="3" stmt="1" level="1" return="1" vocf="6.0" flin="0" fxln="0" ncalls="0">
</function>
</file>
<file name="C:\_Synergy_Projects\Working\ses_dev_ea4\SF105A_MotCurrRegVltgLimr_Impl\src\CDD_MotCurrRegVltgLimr.c" total_lines="238" lines_without_cmt="19" comf="88" fco="2">
<function name="MotCurrRegVltgLimrInit1" path="1" goto="0" vg="1" calling="1" calls="1" param="0" stmt="8" level="1" return="0" vocf="3.3" flin="19" fxln="8" ncalls="2">
</function>
<function name="FilHpInit" path="1" goto="0" vg="1" calling="0" calls="2" param="4" stmt="2" level="1" return="0" vocf="2.1" flin="0" fxln="0" ncalls="2">
</function>
<function name="FilHpUpdOutp_f32" path="1" goto="0" vg="1" calling="0" calls="1" param="2" stmt="1" level="1" return="1" vocf="1.8" flin="0" fxln="0" ncalls="1">
</function>
<function name="FilHpUpdGain" path="1" goto="0" vg="1" calling="3" calls="3" param="3" stmt="2" level="1" return="0" vocf="2.7" flin="0" fxln="0" ncalls="3">
</function>
<function name="FilLpInit" path="1" goto="0" vg="1" calling="4" calls="1" param="4" stmt="2" level="1" return="0" vocf="1.7" flin="0" fxln="0" ncalls="1">
</function>
<function name="FilLpUpdOutp_f32" path="1" goto="0" vg="1" calling="4" calls="0" param="2" stmt="2" level="1" return="1" vocf="2.0" flin="0" fxln="0" ncalls="0">
</function>
<function name="FilLpUpdGain" path="1" goto="0" vg="1" calling="6" calls="1" param="3" stmt="1" level="1" return="0" vocf="4.2" flin="0" fxln="0" ncalls="1">
</function>
<function name="SinLookup" path="8" goto="0" vg="4" calling="0" calls="0" param="1" stmt="14" level="1" return="1" vocf="3.6" flin="0" fxln="0" ncalls="0">
</function>
<function name="SinCos_f32" path="16" goto="0" vg="17" calling="0" calls="0" param="3" stmt="56" level="1" return="0" vocf="10.9" flin="0" fxln="0" ncalls="0">
</function>
<function name="Mod_f32" path="1" goto="0" vg="1" calling="0" calls="1" param="2" stmt="1" level="1" return="1" vocf="1.7" flin="0" fxln="0" ncalls="1">
</function>
<function name="Sqrt_f32" path="1" goto="0" vg="1" calling="4" calls="1" param="1" stmt="1" level="1" return="1" vocf="1.5" flin="0" fxln="0" ncalls="1">
</function>
<function name="Exp_f32" path="1" goto="0" vg="1" calling="6" calls="1" param="1" stmt="1" level="1" return="1" vocf="1.5" flin="0" fxln="0" ncalls="1">
</function>
<function name="Cos_f32" path="1" goto="0" vg="1" calling="0" calls="1" param="1" stmt="1" level="1" return="1" vocf="1.5" flin="0" fxln="0" ncalls="1">
</function>
<function name="Sin_f32" path="1" goto="0" vg="1" calling="0" calls="1" param="1" stmt="1" level="1" return="1" vocf="1.5" flin="0" fxln="0" ncalls="1">
</function>
<function name="Arctan2_f32" path="1" goto="0" vg="1" calling="1" calls="1" param="2" stmt="1" level="1" return="1" vocf="1.7" flin="0" fxln="0" ncalls="1">
</function>
<function name="Lim_f32" path="1" goto="0" vg="3" calling="5" calls="0" param="3" stmt="1" level="1" return="1" vocf="3.1" flin="0" fxln="0" ncalls="0">
</function>
<function name="Lim_u32" path="1" goto="0" vg="3" calling="0" calls="0" param="3" stmt="1" level="1" return="1" vocf="3.1" flin="0" fxln="0" ncalls="0">
</function>
<function name="Lim_s32" path="1" goto="0" vg="3" calling="0" calls="0" param="3" stmt="1" level="1" return="1" vocf="3.1" flin="0" fxln="0" ncalls="0">
</function>
<function name="Lim_u16" path="1" goto="0" vg="3" calling="0" calls="0" param="3" stmt="1" level="1" return="1" vocf="3.1" flin="0" fxln="0" ncalls="0">
</function>
<function name="Lim_s16" path="1" goto="0" vg="3" calling="0" calls="0" param="3" stmt="1" level="1" return="1" vocf="3.1" flin="0" fxln="0" ncalls="0">
</function>
<function name="Lim_u08" path="1" goto="0" vg="3" calling="0" calls="0" param="3" stmt="1" level="1" return="1" vocf="3.1" flin="0" fxln="0" ncalls="0">
</function>
<function name="Lim_s08" path="1" goto="0" vg="3" calling="0" calls="0" param="3" stmt="1" level="1" return="1" vocf="3.1" flin="0" fxln="0" ncalls="0">
</function>
<function name="Max_f32" path="1" goto="0" vg="2" calling="1" calls="0" param="2" stmt="1" level="1" return="1" vocf="2.2" flin="0" fxln="0" ncalls="0">
</function>
<function name="Max_u32" path="1" goto="0" vg="2" calling="0" calls="0" param="2" stmt="1" level="1" return="1" vocf="2.2" flin="0" fxln="0" ncalls="0">
</function>
<function name="Max_s32" path="1" goto="0" vg="2" calling="0" calls="0" param="2" stmt="1" level="1" return="1" vocf="2.2" flin="0" fxln="0" ncalls="0">
</function>
<function name="Max_u16" path="1" goto="0" vg="2" calling="0" calls="0" param="2" stmt="1" level="1" return="1" vocf="2.2" flin="0" fxln="0" ncalls="0">
</function>
<function name="Max_s16" path="1" goto="0" vg="2" calling="0" calls="0" param="2" stmt="1" level="1" return="1" vocf="2.2" flin="0" fxln="0" ncalls="0">
</function>
<function name="Max_u08" path="1" goto="0" vg="2" calling="0" calls="0" param="2" stmt="1" level="1" return="1" vocf="2.2" flin="0" fxln="0" ncalls="0">
</function>
<function name="Max_s08" path="1" goto="0" vg="2" calling="0" calls="0" param="2" stmt="1" level="1" return="1" vocf="2.2" flin="0" fxln="0" ncalls="0">
</function>
<function name="Min_f32" path="1" goto="0" vg="2" calling="1" calls="0" param="2" stmt="1" level="1" return="1" vocf="2.2" flin="0" fxln="0" ncalls="0">
</function>
<function name="Min_u32" path="1" goto="0" vg="2" calling="0" calls="0" param="2" stmt="1" level="1" return="1" vocf="2.2" flin="0" fxln="0" ncalls="0">
</function>
<function name="Min_s32" path="1" goto="0" vg="2" calling="0" calls="0" param="2" stmt="1" level="1" return="1" vocf="2.2" flin="0" fxln="0" ncalls="0">
</function>
<function name="Min_u16" path="1" goto="0" vg="2" calling="0" calls="0" param="2" stmt="1" level="1" return="1" vocf="2.2" flin="0" fxln="0" ncalls="0">
</function>
<function name="Min_s16" path="1" goto="0" vg="2" calling="0" calls="0" param="2" stmt="1" level="1" return="1" vocf="2.2" flin="0" fxln="0" ncalls="0">
</function>
<function name="Min_u08" path="1" goto="0" vg="2" calling="0" calls="0" param="2" stmt="1" level="1" return="1" vocf="2.2" flin="0" fxln="0" ncalls="0">
</function>
<function name="Min_s08" path="1" goto="0" vg="2" calling="0" calls="0" param="2" stmt="1" level="1" return="1" vocf="2.2" flin="0" fxln="0" ncalls="0">
</function>
<function name="Sign_s08_f32" path="1" goto="0" vg="2" calling="0" calls="0" param="1" stmt="1" level="1" return="1" vocf="2.2" flin="0" fxln="0" ncalls="0">
</function>
<function name="Sign_s08_s32" path="1" goto="0" vg="2" calling="0" calls="0" param="1" stmt="1" level="1" return="1" vocf="2.2" flin="0" fxln="0" ncalls="0">
</function>
<function name="Sign_s08_s16" path="1" goto="0" vg="2" calling="0" calls="0" param="1" stmt="1" level="1" return="1" vocf="2.2" flin="0" fxln="0" ncalls="0">
</function>
<function name="Sign_s08_s08" path="1" goto="0" vg="2" calling="0" calls="0" param="1" stmt="1" level="1" return="1" vocf="2.3" flin="0" fxln="0" ncalls="0">
</function>
<function name="Abslt_f32_f32" path="1" goto="0" vg="1" calling="0" calls="1" param="1" stmt="1" level="1" return="1" vocf="1.5" flin="0" fxln="0" ncalls="1">
</function>
<function name="Abslt_u32_s32" path="1" goto="0" vg="2" calling="0" calls="0" param="1" stmt="1" level="1" return="1" vocf="2.8" flin="0" fxln="0" ncalls="0">
</function>
<function name="Abslt_u16_s16" path="1" goto="0" vg="2" calling="0" calls="0" param="1" stmt="1" level="1" return="1" vocf="2.8" flin="0" fxln="0" ncalls="0">
</function>
<function name="Abslt_u08_s08" path="1" goto="0" vg="2" calling="0" calls="0" param="1" stmt="1" level="1" return="1" vocf="2.8" flin="0" fxln="0" ncalls="0">
</function>
<function name="Blnd_f32" path="1" goto="0" vg="1" calling="0" calls="0" param="3" stmt="1" level="1" return="1" vocf="6.0" flin="0" fxln="0" ncalls="0">
</function>
</file>
</project>
