<?xml version="1.0" encoding="UTF-8"?>

<project name="Polyspace" files="1" includes="22" ap_cg_cycle="0" ap_cg_direct_cycle="0" pshv="0" unpshv="0">
<file name="C:\Component\MM109A_BmwMsgSlot121Bas1Repn2BusFrChA_Impl\src\BmwMsgSlot121Bas1Repn2BusFrChA.c" total_lines="1305" lines_without_cmt="281" comf="13" fco="30">
<function name="CON_VEH_Received_Oper" path="1742" goto="0" vg="24" calling="0" calls="9" param="0" stmt="117" level="5" return="0" vocf="16.4" flin="247" fxln="141" ncalls="18">
</function>
<function name="CON_VEH_Missing_Oper" path="3" goto="0" vg="3" calling="0" calls="8" param="0" stmt="29" level="2" return="0" vocf="4.9" flin="71" fxln="30" ncalls="8">
</function>
<function name="BmwMsgSlot121Bas1Repn2BusFrChAInit1" path="1" goto="0" vg="1" calling="0" calls="1" param="0" stmt="9" level="1" return="0" vocf="6.4" flin="19" fxln="9" ncalls="6">
</function>
</file>
</project>
