<?xml version="1.0" encoding="UTF-8"?>
<MISRA-C-Report-Summary>
<File Mode="advisory" Error="0" Warning="55" Total="55">
<Name>
E:\EA4NewTemplate\CM200B_DmaCfgAndUse_Impl\src\CDD_DmaCfgAndUse.c</Name>
</File>
<File Mode="required" Error="0" Warning="3" Total="3">
<Name>
E:\EA4NewTemplate\CM200B_DmaCfgAndUse_Impl\src\CDD_DmaCfgAndUse.c</Name>
</File>
<Rule Name="11.3" Count="52" Mode="advisory" Severity="warning">
<Message>
A cast should not be performed between a pointer type and an integral type.</Message>
</Rule>
<Rule Name="19.1" Count="3" Mode="advisory" Severity="warning">
<Message>
#include statements in a file shall only be preceded by other preprocessor directives or comments.</Message>
</Rule>
<Rule Name="8.10" Count="3" Mode="required" Severity="warning">
<Message>
</Message>
</Rule>
</MISRA-C-Report-Summary>
