<?xml version="1.0" encoding="UTF-8"?>

<project name="Polyspace" files="2" includes="19" ap_cg_cycle="0" ap_cg_direct_cycle="0" pshv="0" unpshv="0">
<file name="C:\SYNERGY\WorkingProjects\EA4\ES108A_ShtdwnMech_Impl\src\ShtdwnMech.c" total_lines="206" lines_without_cmt="28" comf="100" fco="0">
<function name="ShtdwnMechPer1" path="2" goto="0" vg="2" calling="1" calls="1" param="0" stmt="6" level="1" return="0" vocf="3.2" flin="35" fxln="9" ncalls="1">
</function>
<function name="ShtdwnMechInit1" path="1" goto="0" vg="1" calling="1" calls="0" param="0" stmt="0" level="1" return="0" vocf="1.2" flin="9" fxln="0" ncalls="0">
</function>
</file>
<file name="C:\SYNERGY\WorkingProjects\EA4\ES108A_ShtdwnMech_Impl\tools\local\generate\Rte_Stubs.c" total_lines="32" lines_without_cmt="12" comf="50" fco="1">
<function name="Rte_Stub" path="1" goto="0" vg="1" calling="0" calls="2" param="0" stmt="2" level="1" return="0" vocf="1.7" flin="2" fxln="2" ncalls="2">
</function>
<function name="Rte_Call_ShtdwnMech_IoHwAb_SetGpioSysFlt2A_Oper" path="1" goto="0" vg="1" calling="1" calls="0" param="1" stmt="2" level="1" return="1" vocf="1.2" flin="2" fxln="2" ncalls="0">
</function>
</file>
</project>
