<?xml version="1.0" encoding="UTF-8"?>
<MISRA-C-Report-Summary>
<File Mode="advisory" Error="0" Warning="1" Total="1">
<Name>
C:\Users\nz2999\Documents\Synergy\ccm_wa\ses_dev_ea4\SF111A_FalbckAssi_Impl-nz2999\SF111A_FalbckAssi_Impl\src\FalbckAssi.c</Name>
</File>
<File Mode="required" Error="0" Warning="4" Total="4">
<Name>
C:\Users\nz2999\Documents\Synergy\ccm_wa\ses_dev_ea4\SF111A_FalbckAssi_Impl-nz2999\SF111A_FalbckAssi_Impl\src\FalbckAssi.c</Name>
</File>
<Rule Name="11.5" Count="4" Mode="required" Severity="warning">
<Message>
A cast shall not be performed that removes any const or volatile qualification</Message>
</Rule>
<Rule Name="19.1" Count="1" Mode="advisory" Severity="warning">
<Message>
#include statements in a file shall only be preceded by other preprocessor directives or comments.</Message>
</Rule>
</MISRA-C-Report-Summary>
