<?xml version="1.0" encoding="UTF-8"?>

<project name="Polyspace" files="3" includes="30" ap_cg_cycle="0" ap_cg_direct_cycle="0" pshv="0" unpshv="0">
<file name="C:\Component\AR099A_McalErrHndlg_Impl-cz7lt6\AR099A_McalErrHndlg_Impl\tools\local\generate\Rte_Stubs.c" total_lines="42" lines_without_cmt="21" comf="20" fco="0">
<function name="Rte_Stub" path="1" goto="0" vg="1" calling="0" calls="2" param="0" stmt="2" level="1" return="0" vocf="1.7" flin="2" fxln="2" ncalls="2">
</function>
<function name="Rte_Call_McalErrHndlg_SetNtcSts_Oper" path="1" goto="0" vg="1" calling="2" calls="0" param="4" stmt="5" level="1" return="1" vocf="1.6" flin="5" fxln="5" ncalls="0">
</function>
<function name="Rte_Call_McalErrHndlg_MCalReadVrfyFailFltInfo_Oper" path="1" goto="0" vg="1" calling="1" calls="0" param="2" stmt="3" level="1" return="1" vocf="1.5" flin="3" fxln="3" ncalls="0">
</function>
</file>
<file name="C:\Component\AR099A_McalErrHndlg_Impl-cz7lt6\AR099A_McalErrHndlg_Impl\src\McalErrHndlgNonRte.c" total_lines="174" lines_without_cmt="78" comf="59" fco="1">
<function name="Fls_CallSwitchBFlashErrorNotification" path="8" goto="0" vg="4" calling="0" calls="1" param="0" stmt="12" level="1" return="0" vocf="4.8" flin="15" fxln="4" ncalls="1">
</function>
<function name="HndlMcalWrVrfyErr" path="1" goto="0" vg="1" calling="0" calls="1" param="2" stmt="1" level="1" return="0" vocf="1.7" flin="2" fxln="1" ncalls="1">
</function>
<function name="HndlMcalDemErr" path="7" goto="0" vg="7" calling="0" calls="1" param="2" stmt="16" level="1" return="0" vocf="6.4" flin="41" fxln="23" ncalls="1">
</function>
</file>
<file name="C:\Component\AR099A_McalErrHndlg_Impl-cz7lt6\AR099A_McalErrHndlg_Impl\src\McalErrHndlg.c" total_lines="769" lines_without_cmt="28" comf="100" fco="3">
<function name="McalErrHndlgPer1" path="4" goto="0" vg="3" calling="1" calls="1" param="0" stmt="4" level="1" return="0" vocf="3.9" flin="20" fxln="4" ncalls="2">
</function>
<function name="McalErrHndlgInit1" path="4" goto="0" vg="3" calling="1" calls="1" param="0" stmt="4" level="1" return="0" vocf="3.7" flin="18" fxln="4" ncalls="2">
</function>
</file>
</project>
