<?xml version="1.0" encoding="UTF-8"?>

<project name="Polyspace" files="3" includes="26" ap_cg_cycle="0" ap_cg_direct_cycle="0" pshv="0" unpshv="0">
<file name="E:\EA4NewTemplate\SF040A_MotVel_Impl\tools\local\generate\Rte_Stubs.c" total_lines="48" lines_without_cmt="32" comf="22" fco="1">
<function name="Rte_Read_CDD_MotVel_MotAgBuf_Ary1D" path="2" goto="0" vg="2" calling="1" calls="0" param="1" stmt="4" level="1" return="1" vocf="1.7" flin="5" fxln="3" ncalls="0">
</function>
<function name="Rte_Read_CDD_MotVel_MotAgTiBuf_Ary1D" path="2" goto="0" vg="2" calling="1" calls="0" param="1" stmt="4" level="1" return="1" vocf="1.7" flin="5" fxln="3" ncalls="0">
</function>
<function name="Rte_Stub" path="1" goto="0" vg="1" calling="0" calls="3" param="0" stmt="3" level="1" return="0" vocf="1.9" flin="3" fxln="3" ncalls="3">
</function>
</file>
<file name="E:\EA4NewTemplate\SF040A_MotVel_Impl\src\CDD_MotVel_MotCtrl.c" total_lines="68" lines_without_cmt="15" comf="50" fco="0">
<function name="MotVelPer1" path="1" goto="0" vg="1" calling="1" calls="0" param="0" stmt="4" level="1" return="0" vocf="2.8" flin="6" fxln="4" ncalls="0">
</function>
</file>
<file name="E:\EA4NewTemplate\SF040A_MotVel_Impl\src\CDD_MotVel.c" total_lines="451" lines_without_cmt="154" comf="22" fco="5">
<function name="MotVelPer2" path="8000" goto="0" vg="17" calling="1" calls="4" param="0" stmt="71" level="3" return="0" vocf="9.9" flin="203" fxln="68" ncalls="6">
</function>
<function name="MotVelInit1" path="1" goto="0" vg="1" calling="1" calls="0" param="0" stmt="0" level="1" return="0" vocf="1.2" flin="9" fxln="0" ncalls="0">
</function>
<function name="SinCos_f32" path="16" goto="0" vg="17" calling="0" calls="0" param="3" stmt="56" level="1" return="0" vocf="10.8" flin="0" fxln="0" ncalls="0">
</function>
<function name="Mod_f32" path="1" goto="0" vg="1" calling="0" calls="1" param="2" stmt="1" level="1" return="1" vocf="1.7" flin="0" fxln="0" ncalls="1">
</function>
<function name="Sqrt_f32" path="1" goto="0" vg="1" calling="0" calls="1" param="1" stmt="1" level="1" return="1" vocf="1.5" flin="0" fxln="0" ncalls="1">
</function>
<function name="Exp_f32" path="1" goto="0" vg="1" calling="0" calls="1" param="1" stmt="1" level="1" return="1" vocf="1.5" flin="0" fxln="0" ncalls="1">
</function>
<function name="Cos_f32" path="1" goto="0" vg="1" calling="0" calls="1" param="1" stmt="1" level="1" return="1" vocf="1.5" flin="0" fxln="0" ncalls="1">
</function>
<function name="Sin_f32" path="1" goto="0" vg="1" calling="0" calls="1" param="1" stmt="1" level="1" return="1" vocf="1.5" flin="0" fxln="0" ncalls="1">
</function>
<function name="Arctan2_f32" path="1" goto="0" vg="1" calling="0" calls="1" param="2" stmt="1" level="1" return="1" vocf="1.7" flin="0" fxln="0" ncalls="1">
</function>
<function name="Lim_f32" path="1" goto="0" vg="3" calling="1" calls="0" param="3" stmt="1" level="1" return="1" vocf="3.1" flin="0" fxln="0" ncalls="0">
</function>
<function name="Lim_u32" path="1" goto="0" vg="3" calling="0" calls="0" param="3" stmt="1" level="1" return="1" vocf="3.1" flin="0" fxln="0" ncalls="0">
</function>
<function name="Lim_s32" path="1" goto="0" vg="3" calling="0" calls="0" param="3" stmt="1" level="1" return="1" vocf="3.1" flin="0" fxln="0" ncalls="0">
</function>
<function name="Lim_u16" path="1" goto="0" vg="3" calling="0" calls="0" param="3" stmt="1" level="1" return="1" vocf="3.1" flin="0" fxln="0" ncalls="0">
</function>
<function name="Lim_s16" path="1" goto="0" vg="3" calling="0" calls="0" param="3" stmt="1" level="1" return="1" vocf="3.1" flin="0" fxln="0" ncalls="0">
</function>
<function name="Lim_u08" path="1" goto="0" vg="3" calling="0" calls="0" param="3" stmt="1" level="1" return="1" vocf="3.1" flin="0" fxln="0" ncalls="0">
</function>
<function name="Lim_s08" path="1" goto="0" vg="3" calling="0" calls="0" param="3" stmt="1" level="1" return="1" vocf="3.1" flin="0" fxln="0" ncalls="0">
</function>
<function name="Max_f32" path="1" goto="0" vg="2" calling="0" calls="0" param="2" stmt="1" level="1" return="1" vocf="2.2" flin="0" fxln="0" ncalls="0">
</function>
<function name="Max_u32" path="1" goto="0" vg="2" calling="0" calls="0" param="2" stmt="1" level="1" return="1" vocf="2.2" flin="0" fxln="0" ncalls="0">
</function>
<function name="Max_s32" path="1" goto="0" vg="2" calling="0" calls="0" param="2" stmt="1" level="1" return="1" vocf="2.2" flin="0" fxln="0" ncalls="0">
</function>
<function name="Max_u16" path="1" goto="0" vg="2" calling="0" calls="0" param="2" stmt="1" level="1" return="1" vocf="2.2" flin="0" fxln="0" ncalls="0">
</function>
<function name="Max_s16" path="1" goto="0" vg="2" calling="0" calls="0" param="2" stmt="1" level="1" return="1" vocf="2.2" flin="0" fxln="0" ncalls="0">
</function>
<function name="Max_u08" path="1" goto="0" vg="2" calling="0" calls="0" param="2" stmt="1" level="1" return="1" vocf="2.2" flin="0" fxln="0" ncalls="0">
</function>
<function name="Max_s08" path="1" goto="0" vg="2" calling="0" calls="0" param="2" stmt="1" level="1" return="1" vocf="2.2" flin="0" fxln="0" ncalls="0">
</function>
<function name="Min_f32" path="1" goto="0" vg="2" calling="0" calls="0" param="2" stmt="1" level="1" return="1" vocf="2.2" flin="0" fxln="0" ncalls="0">
</function>
<function name="Min_u32" path="1" goto="0" vg="2" calling="0" calls="0" param="2" stmt="1" level="1" return="1" vocf="2.2" flin="0" fxln="0" ncalls="0">
</function>
<function name="Min_s32" path="1" goto="0" vg="2" calling="0" calls="0" param="2" stmt="1" level="1" return="1" vocf="2.2" flin="0" fxln="0" ncalls="0">
</function>
<function name="Min_u16" path="1" goto="0" vg="2" calling="0" calls="0" param="2" stmt="1" level="1" return="1" vocf="2.2" flin="0" fxln="0" ncalls="0">
</function>
<function name="Min_s16" path="1" goto="0" vg="2" calling="0" calls="0" param="2" stmt="1" level="1" return="1" vocf="2.2" flin="0" fxln="0" ncalls="0">
</function>
<function name="Min_u08" path="1" goto="0" vg="2" calling="0" calls="0" param="2" stmt="1" level="1" return="1" vocf="2.2" flin="0" fxln="0" ncalls="0">
</function>
<function name="Min_s08" path="1" goto="0" vg="2" calling="0" calls="0" param="2" stmt="1" level="1" return="1" vocf="2.2" flin="0" fxln="0" ncalls="0">
</function>
<function name="Sign_s08_f32" path="1" goto="0" vg="2" calling="0" calls="0" param="1" stmt="1" level="1" return="1" vocf="2.2" flin="0" fxln="0" ncalls="0">
</function>
<function name="Sign_s08_s32" path="1" goto="0" vg="2" calling="0" calls="0" param="1" stmt="1" level="1" return="1" vocf="2.2" flin="0" fxln="0" ncalls="0">
</function>
<function name="Sign_s08_s16" path="1" goto="0" vg="2" calling="0" calls="0" param="1" stmt="1" level="1" return="1" vocf="2.2" flin="0" fxln="0" ncalls="0">
</function>
<function name="Sign_s08_s08" path="1" goto="0" vg="2" calling="0" calls="0" param="1" stmt="1" level="1" return="1" vocf="2.3" flin="0" fxln="0" ncalls="0">
</function>
<function name="Abslt_f32_f32" path="1" goto="0" vg="1" calling="0" calls="1" param="1" stmt="1" level="1" return="1" vocf="1.5" flin="0" fxln="0" ncalls="1">
</function>
<function name="Abslt_u32_s32" path="1" goto="0" vg="2" calling="0" calls="0" param="1" stmt="1" level="1" return="1" vocf="2.8" flin="0" fxln="0" ncalls="0">
</function>
<function name="Abslt_u16_s16" path="1" goto="0" vg="2" calling="0" calls="0" param="1" stmt="1" level="1" return="1" vocf="2.8" flin="0" fxln="0" ncalls="0">
</function>
<function name="Abslt_u08_s08" path="1" goto="0" vg="2" calling="0" calls="0" param="1" stmt="1" level="1" return="1" vocf="2.8" flin="0" fxln="0" ncalls="0">
</function>
<function name="Blnd_f32" path="1" goto="0" vg="1" calling="0" calls="0" param="3" stmt="1" level="1" return="1" vocf="6.5" flin="0" fxln="0" ncalls="0">
</function>
<function name="FixdToFloat_f32_u32" path="1" goto="0" vg="1" calling="0" calls="0" param="2" stmt="1" level="1" return="1" vocf="1.9" flin="0" fxln="0" ncalls="0">
</function>
<function name="FixdToFloat_f32_u16" path="1" goto="0" vg="1" calling="1" calls="0" param="2" stmt="1" level="1" return="1" vocf="1.9" flin="0" fxln="0" ncalls="0">
</function>
<function name="FixdToFloat_f32_s32" path="1" goto="0" vg="1" calling="0" calls="0" param="2" stmt="1" level="1" return="1" vocf="1.9" flin="0" fxln="0" ncalls="0">
</function>
<function name="FixdToFloat_f32_s16" path="1" goto="0" vg="1" calling="0" calls="0" param="2" stmt="1" level="1" return="1" vocf="1.9" flin="0" fxln="0" ncalls="0">
</function>
<function name="FloatToFixd_u32_f32" path="1" goto="0" vg="1" calling="0" calls="0" param="2" stmt="1" level="1" return="1" vocf="2.1" flin="0" fxln="0" ncalls="0">
</function>
<function name="FloatToFixd_u16_f32" path="1" goto="0" vg="1" calling="0" calls="0" param="2" stmt="1" level="1" return="1" vocf="2.0" flin="0" fxln="0" ncalls="0">
</function>
<function name="FloatToFixd_s32_f32" path="1" goto="0" vg="1" calling="0" calls="0" param="2" stmt="1" level="1" return="1" vocf="1.9" flin="0" fxln="0" ncalls="0">
</function>
<function name="FloatToFixd_s16_f32" path="1" goto="0" vg="1" calling="0" calls="0" param="2" stmt="1" level="1" return="1" vocf="2.0" flin="0" fxln="0" ncalls="0">
</function>
<function name="FloatToFixdWithRound_u32_f32" path="1" goto="0" vg="1" calling="0" calls="0" param="2" stmt="1" level="1" return="1" vocf="1.9" flin="0" fxln="0" ncalls="0">
</function>
<function name="FloatToFixdWithRound_u16_f32" path="1" goto="0" vg="1" calling="0" calls="0" param="2" stmt="1" level="1" return="1" vocf="2.0" flin="0" fxln="0" ncalls="0">
</function>
<function name="FloatToFixdWithRound_s32_f32" path="1" goto="0" vg="2" calling="0" calls="0" param="2" stmt="1" level="1" return="1" vocf="2.8" flin="0" fxln="0" ncalls="0">
</function>
<function name="FloatToFixdWithRound_s16_f32" path="1" goto="0" vg="2" calling="0" calls="0" param="2" stmt="1" level="1" return="1" vocf="5.6" flin="0" fxln="0" ncalls="0">
</function>
</file>
</project>
