<?xml version="1.0" encoding="UTF-8"?>

<project name="Polyspace" files="1" includes="22" ap_cg_cycle="0" ap_cg_direct_cycle="0" pshv="0" unpshv="0">
<file name="C:\_PratikJadhav\_Synergy_Projects\Working\MM105A_BmwMsgSlot107Bas0Repn1BusFrChA_Impl\src\BmwMsgSlot107Bas0Repn1BusFrChA.c" total_lines="1276" lines_without_cmt="314" comf="14" fco="32">
<function name="OFFS_QUAD_EPS_Received_Oper" path="3912" goto="0" vg="27" calling="0" calls="10" param="0" stmt="114" level="5" return="0" vocf="16.1" flin="275" fxln="142" ncalls="20">
</function>
<function name="OFFS_QUAD_EPS_Missing_Oper" path="3" goto="0" vg="3" calling="0" calls="8" param="0" stmt="29" level="2" return="0" vocf="5.0" flin="72" fxln="31" ncalls="8">
</function>
<function name="BmwMsgSlot107Bas0Repn1BusFrChAInit1" path="1" goto="0" vg="1" calling="0" calls="1" param="0" stmt="9" level="1" return="0" vocf="6.3" flin="21" fxln="9" ncalls="6">
</function>
</file>
</project>
