<?xml version="1.0" encoding="UTF-8"?>
<MISRA-C-Report-Summary>
<File Mode="advisory" Error="0" Warning="1" Total="1">
<Name>
C:\_PratikJadhav\_Synergy_Projects\Working\MM105A_BmwMsgSlot107Bas0Repn1BusFrChA_Impl\src\BmwMsgSlot107Bas0Repn1BusFrChA.c</Name>
</File>
<File Mode="required" Error="0" Warning="10" Total="10">
<Name>
C:\_PratikJadhav\_Synergy_Projects\Working\MM105A_BmwMsgSlot107Bas0Repn1BusFrChA_Impl\src\BmwMsgSlot107Bas0Repn1BusFrChA.c</Name>
</File>
<Rule Name="5.1" Count="4" Mode="required" Severity="warning">
<Message>
</Message>
</Rule>
<Rule Name="10.1" Count="3" Mode="required" Severity="warning">
<Message>
</Message>
</Rule>
<Rule Name="8.10" Count="3" Mode="required" Severity="warning">
<Message>
</Message>
</Rule>
<Rule Name="19.1" Count="1" Mode="advisory" Severity="warning">
<Message>
#include statements in a file shall only be preceded by other preprocessor directives or comments.</Message>
</Rule>
</MISRA-C-Report-Summary>
