<?xml version="1.0" encoding="UTF-8"?>

<project name="Polyspace" files="1" includes="22" ap_cg_cycle="0" ap_cg_direct_cycle="0" pshv="0" unpshv="0">
<file name="C:\_Synergy_Projects\Working\ses_dev_ea4\MM098A_BmwMsgSlot55Bas3Repn4BusFrChA_Impl\src\BmwMsgSlot55Bas3Repn4BusFrChA.c" total_lines="1318" lines_without_cmt="361" comf="17" fco="31">
<function name="V_VEH_Received_Oper" path="327160704" goto="0" vg="39" calling="0" calls="9" param="0" stmt="145" level="12" return="0" vocf="17.2" flin="343" fxln="168" ncalls="19">
</function>
<function name="V_VEH_Missing_Oper" path="3" goto="0" vg="3" calling="0" calls="8" param="0" stmt="29" level="2" return="0" vocf="4.9" flin="72" fxln="30" ncalls="8">
</function>
<function name="BmwMsgSlot55Bas3Repn4BusFrChAInit1" path="1" goto="0" vg="1" calling="0" calls="1" param="0" stmt="9" level="1" return="0" vocf="6.3" flin="20" fxln="9" ncalls="6">
</function>
</file>
</project>
