<?xml version="1.0" encoding="UTF-8"?>
<MISRA-C-Report-Summary>
<File Mode="advisory" Error="0" Warning="1" Total="1">
<Name>
C:\_Synergy_Projects\Working\ses_dev_ea4\MM098A_BmwMsgSlot55Bas3Repn4BusFrChA_Impl\src\BmwMsgSlot55Bas3Repn4BusFrChA.c</Name>
</File>
<File Mode="required" Error="0" Warning="6" Total="6">
<Name>
C:\_Synergy_Projects\Working\ses_dev_ea4\MM098A_BmwMsgSlot55Bas3Repn4BusFrChA_Impl\src\BmwMsgSlot55Bas3Repn4BusFrChA.c</Name>
</File>
<Rule Name="5.1" Count="3" Mode="required" Severity="warning">
<Message>
</Message>
</Rule>
<Rule Name="8.10" Count="3" Mode="required" Severity="warning">
<Message>
</Message>
</Rule>
<Rule Name="19.1" Count="1" Mode="advisory" Severity="warning">
<Message>
#include statements in a file shall only be preceded by other preprocessor directives or comments.</Message>
</Rule>
</MISRA-C-Report-Summary>
