<?xml version="1.0" encoding="UTF-8"?>
<MISRA-C-Report-Summary>
<File Mode="required" Error="0" Warning="5" Total="5">
<Name>
C:\Users\nz2999\Documents\Synergy\ccm_wa\ses_dev_ea4\DF001A_FltInj_Impl-nz2999\DF001A_FltInj_Impl\include\FltInj.h</Name>
</File>
<File Mode="advisory" Error="0" Warning="4" Total="4">
<Name>
C:\Users\nz2999\Documents\Synergy\ccm_wa\ses_dev_ea4\DF001A_FltInj_Impl-nz2999\DF001A_FltInj_Impl\src\FltInj.c</Name>
</File>
<File Mode="required" Error="0" Warning="4" Total="4">
<Name>
C:\Users\nz2999\Documents\Synergy\ccm_wa\ses_dev_ea4\DF001A_FltInj_Impl-nz2999\DF001A_FltInj_Impl\src\FltInj.c</Name>
</File>
<Rule Name="5.1" Count="5" Mode="required" Severity="warning">
<Message>
</Message>
</Rule>
<Rule Name="19.1" Count="4" Mode="advisory" Severity="warning">
<Message>
#include statements in a file shall only be preceded by other preprocessor directives or comments.</Message>
</Rule>
<Rule Name="8.10" Count="4" Mode="required" Severity="warning">
<Message>
</Message>
</Rule>
</MISRA-C-Report-Summary>
