<?xml version="1.0" encoding="UTF-8"?>

<project name="Polyspace" files="2" includes="21" ap_cg_cycle="0" ap_cg_direct_cycle="0" pshv="0" unpshv="0">
<file name="C:\_Synergy_Projects\New_Working\ES261A_TurnCntrCorrln_Impl\src\TurnCntrCorrln.c" total_lines="937" lines_without_cmt="130" comf="46" fco="6">
<function name="CorrlnSigAvlChk" path="9" goto="0" vg="5" calling="1" calls="0" param="4" stmt="13" level="2" return="1" vocf="3.7" flin="41" fxln="17" ncalls="0">
</function>
<function name="TurnCntrCorrlnPer1" path="16" goto="0" vg="5" calling="1" calls="5" param="0" stmt="25" level="1" return="0" vocf="6.2" flin="107" fxln="39" ncalls="8">
</function>
<function name="TurnCntrCorrlnInit1" path="1" goto="0" vg="1" calling="1" calls="0" param="0" stmt="0" level="1" return="0" vocf="1.2" flin="10" fxln="0" ncalls="0">
</function>
<function name="SinLookup" path="8" goto="0" vg="4" calling="0" calls="0" param="1" stmt="14" level="1" return="1" vocf="3.6" flin="0" fxln="0" ncalls="0">
</function>
<function name="SinCos_f32" path="16" goto="0" vg="17" calling="0" calls="0" param="3" stmt="56" level="1" return="0" vocf="10.9" flin="0" fxln="0" ncalls="0">
</function>
<function name="Mod_f32" path="1" goto="0" vg="1" calling="0" calls="1" param="2" stmt="1" level="1" return="1" vocf="1.7" flin="0" fxln="0" ncalls="1">
</function>
<function name="Sqrt_f32" path="1" goto="0" vg="1" calling="0" calls="1" param="1" stmt="1" level="1" return="1" vocf="1.5" flin="0" fxln="0" ncalls="1">
</function>
<function name="Exp_f32" path="1" goto="0" vg="1" calling="0" calls="1" param="1" stmt="1" level="1" return="1" vocf="1.5" flin="0" fxln="0" ncalls="1">
</function>
<function name="Cos_f32" path="1" goto="0" vg="1" calling="0" calls="1" param="1" stmt="1" level="1" return="1" vocf="1.5" flin="0" fxln="0" ncalls="1">
</function>
<function name="Sin_f32" path="1" goto="0" vg="1" calling="0" calls="1" param="1" stmt="1" level="1" return="1" vocf="1.5" flin="0" fxln="0" ncalls="1">
</function>
<function name="Arctan2_f32" path="1" goto="0" vg="1" calling="0" calls="1" param="2" stmt="1" level="1" return="1" vocf="1.7" flin="0" fxln="0" ncalls="1">
</function>
<function name="Lim_f32" path="1" goto="0" vg="3" calling="0" calls="0" param="3" stmt="1" level="1" return="1" vocf="3.1" flin="0" fxln="0" ncalls="0">
</function>
<function name="Lim_u32" path="1" goto="0" vg="3" calling="0" calls="0" param="3" stmt="1" level="1" return="1" vocf="3.1" flin="0" fxln="0" ncalls="0">
</function>
<function name="Lim_s32" path="1" goto="0" vg="3" calling="0" calls="0" param="3" stmt="1" level="1" return="1" vocf="3.1" flin="0" fxln="0" ncalls="0">
</function>
<function name="Lim_u16" path="1" goto="0" vg="3" calling="0" calls="0" param="3" stmt="1" level="1" return="1" vocf="3.1" flin="0" fxln="0" ncalls="0">
</function>
<function name="Lim_s16" path="1" goto="0" vg="3" calling="0" calls="0" param="3" stmt="1" level="1" return="1" vocf="3.1" flin="0" fxln="0" ncalls="0">
</function>
<function name="Lim_u08" path="1" goto="0" vg="3" calling="1" calls="0" param="3" stmt="1" level="1" return="1" vocf="3.1" flin="0" fxln="0" ncalls="0">
</function>
<function name="Lim_s08" path="1" goto="0" vg="3" calling="0" calls="0" param="3" stmt="1" level="1" return="1" vocf="3.1" flin="0" fxln="0" ncalls="0">
</function>
<function name="Max_f32" path="1" goto="0" vg="2" calling="0" calls="0" param="2" stmt="1" level="1" return="1" vocf="2.2" flin="0" fxln="0" ncalls="0">
</function>
<function name="Max_u32" path="1" goto="0" vg="2" calling="0" calls="0" param="2" stmt="1" level="1" return="1" vocf="2.2" flin="0" fxln="0" ncalls="0">
</function>
<function name="Max_s32" path="1" goto="0" vg="2" calling="0" calls="0" param="2" stmt="1" level="1" return="1" vocf="2.2" flin="0" fxln="0" ncalls="0">
</function>
<function name="Max_u16" path="1" goto="0" vg="2" calling="0" calls="0" param="2" stmt="1" level="1" return="1" vocf="2.2" flin="0" fxln="0" ncalls="0">
</function>
<function name="Max_s16" path="1" goto="0" vg="2" calling="0" calls="0" param="2" stmt="1" level="1" return="1" vocf="2.2" flin="0" fxln="0" ncalls="0">
</function>
<function name="Max_u08" path="1" goto="0" vg="2" calling="0" calls="0" param="2" stmt="1" level="1" return="1" vocf="2.2" flin="0" fxln="0" ncalls="0">
</function>
<function name="Max_s08" path="1" goto="0" vg="2" calling="0" calls="0" param="2" stmt="1" level="1" return="1" vocf="2.2" flin="0" fxln="0" ncalls="0">
</function>
<function name="Min_f32" path="1" goto="0" vg="2" calling="0" calls="0" param="2" stmt="1" level="1" return="1" vocf="2.2" flin="0" fxln="0" ncalls="0">
</function>
<function name="Min_u32" path="1" goto="0" vg="2" calling="0" calls="0" param="2" stmt="1" level="1" return="1" vocf="2.2" flin="0" fxln="0" ncalls="0">
</function>
<function name="Min_s32" path="1" goto="0" vg="2" calling="0" calls="0" param="2" stmt="1" level="1" return="1" vocf="2.2" flin="0" fxln="0" ncalls="0">
</function>
<function name="Min_u16" path="1" goto="0" vg="2" calling="0" calls="0" param="2" stmt="1" level="1" return="1" vocf="2.2" flin="0" fxln="0" ncalls="0">
</function>
<function name="Min_s16" path="1" goto="0" vg="2" calling="0" calls="0" param="2" stmt="1" level="1" return="1" vocf="2.2" flin="0" fxln="0" ncalls="0">
</function>
<function name="Min_u08" path="1" goto="0" vg="2" calling="0" calls="0" param="2" stmt="1" level="1" return="1" vocf="2.2" flin="0" fxln="0" ncalls="0">
</function>
<function name="Min_s08" path="1" goto="0" vg="2" calling="0" calls="0" param="2" stmt="1" level="1" return="1" vocf="2.2" flin="0" fxln="0" ncalls="0">
</function>
<function name="Sign_s08_f32" path="1" goto="0" vg="2" calling="0" calls="0" param="1" stmt="1" level="1" return="1" vocf="2.2" flin="0" fxln="0" ncalls="0">
</function>
<function name="Sign_s08_s32" path="1" goto="0" vg="2" calling="0" calls="0" param="1" stmt="1" level="1" return="1" vocf="2.2" flin="0" fxln="0" ncalls="0">
</function>
<function name="Sign_s08_s16" path="1" goto="0" vg="2" calling="0" calls="0" param="1" stmt="1" level="1" return="1" vocf="2.2" flin="0" fxln="0" ncalls="0">
</function>
<function name="Sign_s08_s08" path="1" goto="0" vg="2" calling="0" calls="0" param="1" stmt="1" level="1" return="1" vocf="2.3" flin="0" fxln="0" ncalls="0">
</function>
<function name="Abslt_f32_f32" path="1" goto="0" vg="1" calling="1" calls="1" param="1" stmt="1" level="1" return="1" vocf="1.5" flin="0" fxln="0" ncalls="1">
</function>
<function name="Abslt_u32_s32" path="1" goto="0" vg="2" calling="0" calls="0" param="1" stmt="1" level="1" return="1" vocf="2.8" flin="0" fxln="0" ncalls="0">
</function>
<function name="Abslt_u16_s16" path="1" goto="0" vg="2" calling="0" calls="0" param="1" stmt="1" level="1" return="1" vocf="2.8" flin="0" fxln="0" ncalls="0">
</function>
<function name="Abslt_u08_s08" path="1" goto="0" vg="2" calling="0" calls="0" param="1" stmt="1" level="1" return="1" vocf="2.8" flin="0" fxln="0" ncalls="0">
</function>
<function name="Blnd_f32" path="1" goto="0" vg="1" calling="0" calls="0" param="3" stmt="1" level="1" return="1" vocf="6.0" flin="0" fxln="0" ncalls="0">
</function>
<function name="fabsf" path="2" goto="0" vg="2" calling="1" calls="0" param="1" stmt="3" level="1" return="1" vocf="2.3" flin="0" fxln="0" ncalls="0">
</function>
</file>
<file name="C:\_Synergy_Projects\New_Working\ES261A_TurnCntrCorrln_Impl\tools\local\generate\Rte_Stubs.c" total_lines="42" lines_without_cmt="21" comf="20" fco="0">
<function name="Rte_Stub" path="1" goto="0" vg="1" calling="0" calls="2" param="0" stmt="2" level="1" return="0" vocf="1.7" flin="2" fxln="2" ncalls="2">
</function>
<function name="Rte_Call_TurnCntrCorrln_SetNtcSts_Oper" path="1" goto="0" vg="1" calling="1" calls="0" param="4" stmt="5" level="1" return="1" vocf="1.6" flin="5" fxln="5" ncalls="0">
</function>
<function name="Rte_Call_TurnCntrCorrln_GetNtcQlfrSts_Oper" path="1" goto="0" vg="1" calling="1" calls="0" param="2" stmt="3" level="1" return="1" vocf="1.3" flin="3" fxln="3" ncalls="0">
</function>
<function name="fabsf" path="2" goto="0" vg="2" calling="1" calls="0" param="1" stmt="3" level="1" return="1" vocf="2.3" flin="0" fxln="0" ncalls="0">
</function>
</file>
</project>
