<?xml version="1.0" encoding="UTF-8"?>

<project name="Polyspace" files="2" includes="24" ap_cg_cycle="0" ap_cg_direct_cycle="0" pshv="0" unpshv="0">
<file name="C:\Users\nz3541\Documents\SynergyWorkingEA4\SF006A_TEstimn_Impl\src\TEstimn.c" total_lines="1149" lines_without_cmt="568" comf="19" fco="71">
<function name="FltMtgtnCalSeln" path="4" goto="0" vg="4" calling="1" calls="1" param="2" stmt="22" level="3" return="0" vocf="7.7" flin="44" fxln="26" ncalls="12">
</function>
<function name="TEstimnPer1" path="208" goto="0" vg="15" calling="1" calls="5" param="0" stmt="138" level="4" return="0" vocf="18.8" flin="423" fxln="213" ncalls="35">
</function>
<function name="TEstimnInit1" path="128" goto="0" vg="10" calling="1" calls="5" param="0" stmt="96" level="3" return="0" vocf="14.1" flin="223" fxln="126" ncalls="26">
</function>
<function name="fabsf" path="2" goto="0" vg="2" calling="2" calls="0" param="1" stmt="3" level="1" return="1" vocf="2.3" flin="0" fxln="0" ncalls="0">
</function>
<function name="FilHpInit" path="1" goto="0" vg="1" calling="0" calls="2" param="4" stmt="2" level="1" return="0" vocf="2.1" flin="0" fxln="0" ncalls="2">
</function>
<function name="FilHpUpdOutp_f32" path="1" goto="0" vg="1" calling="0" calls="1" param="2" stmt="1" level="1" return="1" vocf="1.8" flin="0" fxln="0" ncalls="1">
</function>
<function name="FilHpUpdGain" path="1" goto="0" vg="1" calling="2" calls="3" param="3" stmt="2" level="1" return="0" vocf="2.7" flin="0" fxln="0" ncalls="3">
</function>
<function name="FilLpInit" path="1" goto="0" vg="1" calling="3" calls="1" param="4" stmt="2" level="1" return="0" vocf="1.7" flin="0" fxln="0" ncalls="1">
</function>
<function name="FilLpUpdOutp_f32" path="1" goto="0" vg="1" calling="3" calls="0" param="2" stmt="2" level="1" return="1" vocf="2.0" flin="0" fxln="0" ncalls="0">
</function>
<function name="FilLpUpdGain" path="1" goto="0" vg="1" calling="5" calls="1" param="3" stmt="1" level="1" return="0" vocf="4.2" flin="0" fxln="0" ncalls="1">
</function>
<function name="SinLookup" path="8" goto="0" vg="4" calling="0" calls="0" param="1" stmt="14" level="1" return="1" vocf="3.6" flin="0" fxln="0" ncalls="0">
</function>
<function name="SinCos_f32" path="16" goto="0" vg="17" calling="0" calls="0" param="3" stmt="56" level="1" return="0" vocf="10.9" flin="0" fxln="0" ncalls="0">
</function>
<function name="Mod_f32" path="1" goto="0" vg="1" calling="0" calls="1" param="2" stmt="1" level="1" return="1" vocf="1.7" flin="0" fxln="0" ncalls="1">
</function>
<function name="Sqrt_f32" path="1" goto="0" vg="1" calling="2" calls="1" param="1" stmt="1" level="1" return="1" vocf="1.5" flin="0" fxln="0" ncalls="1">
</function>
<function name="Exp_f32" path="1" goto="0" vg="1" calling="6" calls="1" param="1" stmt="1" level="1" return="1" vocf="1.5" flin="0" fxln="0" ncalls="1">
</function>
<function name="Cos_f32" path="1" goto="0" vg="1" calling="0" calls="1" param="1" stmt="1" level="1" return="1" vocf="1.5" flin="0" fxln="0" ncalls="1">
</function>
<function name="Sin_f32" path="1" goto="0" vg="1" calling="0" calls="1" param="1" stmt="1" level="1" return="1" vocf="1.5" flin="0" fxln="0" ncalls="1">
</function>
<function name="Arctan2_f32" path="1" goto="0" vg="1" calling="0" calls="1" param="2" stmt="1" level="1" return="1" vocf="1.7" flin="0" fxln="0" ncalls="1">
</function>
<function name="Lim_f32" path="1" goto="0" vg="3" calling="2" calls="0" param="3" stmt="1" level="1" return="1" vocf="3.1" flin="0" fxln="0" ncalls="0">
</function>
<function name="Lim_u32" path="1" goto="0" vg="3" calling="0" calls="0" param="3" stmt="1" level="1" return="1" vocf="3.1" flin="0" fxln="0" ncalls="0">
</function>
<function name="Lim_s32" path="1" goto="0" vg="3" calling="0" calls="0" param="3" stmt="1" level="1" return="1" vocf="3.1" flin="0" fxln="0" ncalls="0">
</function>
<function name="Lim_u16" path="1" goto="0" vg="3" calling="0" calls="0" param="3" stmt="1" level="1" return="1" vocf="3.1" flin="0" fxln="0" ncalls="0">
</function>
<function name="Lim_s16" path="1" goto="0" vg="3" calling="0" calls="0" param="3" stmt="1" level="1" return="1" vocf="3.1" flin="0" fxln="0" ncalls="0">
</function>
<function name="Lim_u08" path="1" goto="0" vg="3" calling="0" calls="0" param="3" stmt="1" level="1" return="1" vocf="3.1" flin="0" fxln="0" ncalls="0">
</function>
<function name="Lim_s08" path="1" goto="0" vg="3" calling="0" calls="0" param="3" stmt="1" level="1" return="1" vocf="3.1" flin="0" fxln="0" ncalls="0">
</function>
<function name="Max_f32" path="1" goto="0" vg="2" calling="0" calls="0" param="2" stmt="1" level="1" return="1" vocf="2.2" flin="0" fxln="0" ncalls="0">
</function>
<function name="Max_u32" path="1" goto="0" vg="2" calling="0" calls="0" param="2" stmt="1" level="1" return="1" vocf="2.2" flin="0" fxln="0" ncalls="0">
</function>
<function name="Max_s32" path="1" goto="0" vg="2" calling="0" calls="0" param="2" stmt="1" level="1" return="1" vocf="2.2" flin="0" fxln="0" ncalls="0">
</function>
<function name="Max_u16" path="1" goto="0" vg="2" calling="0" calls="0" param="2" stmt="1" level="1" return="1" vocf="2.2" flin="0" fxln="0" ncalls="0">
</function>
<function name="Max_s16" path="1" goto="0" vg="2" calling="0" calls="0" param="2" stmt="1" level="1" return="1" vocf="2.2" flin="0" fxln="0" ncalls="0">
</function>
<function name="Max_u08" path="1" goto="0" vg="2" calling="0" calls="0" param="2" stmt="1" level="1" return="1" vocf="2.2" flin="0" fxln="0" ncalls="0">
</function>
<function name="Max_s08" path="1" goto="0" vg="2" calling="0" calls="0" param="2" stmt="1" level="1" return="1" vocf="2.2" flin="0" fxln="0" ncalls="0">
</function>
<function name="Min_f32" path="1" goto="0" vg="2" calling="0" calls="0" param="2" stmt="1" level="1" return="1" vocf="2.2" flin="0" fxln="0" ncalls="0">
</function>
<function name="Min_u32" path="1" goto="0" vg="2" calling="0" calls="0" param="2" stmt="1" level="1" return="1" vocf="2.2" flin="0" fxln="0" ncalls="0">
</function>
<function name="Min_s32" path="1" goto="0" vg="2" calling="0" calls="0" param="2" stmt="1" level="1" return="1" vocf="2.2" flin="0" fxln="0" ncalls="0">
</function>
<function name="Min_u16" path="1" goto="0" vg="2" calling="0" calls="0" param="2" stmt="1" level="1" return="1" vocf="2.2" flin="0" fxln="0" ncalls="0">
</function>
<function name="Min_s16" path="1" goto="0" vg="2" calling="0" calls="0" param="2" stmt="1" level="1" return="1" vocf="2.2" flin="0" fxln="0" ncalls="0">
</function>
<function name="Min_u08" path="1" goto="0" vg="2" calling="0" calls="0" param="2" stmt="1" level="1" return="1" vocf="2.2" flin="0" fxln="0" ncalls="0">
</function>
<function name="Min_s08" path="1" goto="0" vg="2" calling="0" calls="0" param="2" stmt="1" level="1" return="1" vocf="2.2" flin="0" fxln="0" ncalls="0">
</function>
<function name="Sign_s08_f32" path="1" goto="0" vg="2" calling="0" calls="0" param="1" stmt="1" level="1" return="1" vocf="2.2" flin="0" fxln="0" ncalls="0">
</function>
<function name="Sign_s08_s32" path="1" goto="0" vg="2" calling="0" calls="0" param="1" stmt="1" level="1" return="1" vocf="2.2" flin="0" fxln="0" ncalls="0">
</function>
<function name="Sign_s08_s16" path="1" goto="0" vg="2" calling="0" calls="0" param="1" stmt="1" level="1" return="1" vocf="2.2" flin="0" fxln="0" ncalls="0">
</function>
<function name="Sign_s08_s08" path="1" goto="0" vg="2" calling="0" calls="0" param="1" stmt="1" level="1" return="1" vocf="2.3" flin="0" fxln="0" ncalls="0">
</function>
<function name="Abslt_f32_f32" path="1" goto="0" vg="1" calling="0" calls="1" param="1" stmt="1" level="1" return="1" vocf="1.5" flin="0" fxln="0" ncalls="1">
</function>
<function name="Abslt_u32_s32" path="1" goto="0" vg="2" calling="0" calls="0" param="1" stmt="1" level="1" return="1" vocf="2.8" flin="0" fxln="0" ncalls="0">
</function>
<function name="Abslt_u16_s16" path="1" goto="0" vg="2" calling="0" calls="0" param="1" stmt="1" level="1" return="1" vocf="2.8" flin="0" fxln="0" ncalls="0">
</function>
<function name="Abslt_u08_s08" path="1" goto="0" vg="2" calling="0" calls="0" param="1" stmt="1" level="1" return="1" vocf="2.8" flin="0" fxln="0" ncalls="0">
</function>
<function name="Blnd_f32" path="1" goto="0" vg="1" calling="0" calls="0" param="3" stmt="1" level="1" return="1" vocf="6.0" flin="0" fxln="0" ncalls="0">
</function>
</file>
<file name="C:\Users\nz3541\Documents\SynergyWorkingEA4\SF006A_TEstimn_Impl\tools\local\generate\Rte_Stubs.c" total_lines="38" lines_without_cmt="17" comf="33" fco="0">
<function name="Rte_Stub" path="1" goto="0" vg="1" calling="0" calls="2" param="0" stmt="2" level="1" return="0" vocf="1.7" flin="2" fxln="2" ncalls="2">
</function>
<function name="Rte_Call_TEstimn_TFilStVal_SetRamBlockStatus" path="1" goto="0" vg="1" calling="2" calls="0" param="1" stmt="2" level="1" return="1" vocf="1.2" flin="2" fxln="2" ncalls="0">
</function>
<function name="Rte_Call_TEstimn_TFilStVal_GetErrorStatus" path="1" goto="0" vg="1" calling="1" calls="0" param="1" stmt="2" level="1" return="1" vocf="1.2" flin="2" fxln="2" ncalls="0">
</function>
<function name="fabsf" path="2" goto="0" vg="2" calling="2" calls="0" param="1" stmt="3" level="1" return="1" vocf="2.3" flin="0" fxln="0" ncalls="0">
</function>
<function name="FilHpInit" path="1" goto="0" vg="1" calling="0" calls="2" param="4" stmt="2" level="1" return="0" vocf="2.1" flin="0" fxln="0" ncalls="2">
</function>
<function name="FilHpUpdOutp_f32" path="1" goto="0" vg="1" calling="0" calls="1" param="2" stmt="1" level="1" return="1" vocf="1.8" flin="0" fxln="0" ncalls="1">
</function>
<function name="FilHpUpdGain" path="1" goto="0" vg="1" calling="2" calls="3" param="3" stmt="2" level="1" return="0" vocf="2.7" flin="0" fxln="0" ncalls="3">
</function>
<function name="FilLpInit" path="1" goto="0" vg="1" calling="3" calls="1" param="4" stmt="2" level="1" return="0" vocf="1.7" flin="0" fxln="0" ncalls="1">
</function>
<function name="FilLpUpdOutp_f32" path="1" goto="0" vg="1" calling="3" calls="0" param="2" stmt="2" level="1" return="1" vocf="2.0" flin="0" fxln="0" ncalls="0">
</function>
<function name="FilLpUpdGain" path="1" goto="0" vg="1" calling="5" calls="1" param="3" stmt="1" level="1" return="0" vocf="4.2" flin="0" fxln="0" ncalls="1">
</function>
<function name="SinLookup" path="8" goto="0" vg="4" calling="0" calls="0" param="1" stmt="14" level="1" return="1" vocf="3.6" flin="0" fxln="0" ncalls="0">
</function>
<function name="SinCos_f32" path="16" goto="0" vg="17" calling="0" calls="0" param="3" stmt="56" level="1" return="0" vocf="10.9" flin="0" fxln="0" ncalls="0">
</function>
<function name="Mod_f32" path="1" goto="0" vg="1" calling="0" calls="1" param="2" stmt="1" level="1" return="1" vocf="1.7" flin="0" fxln="0" ncalls="1">
</function>
<function name="Sqrt_f32" path="1" goto="0" vg="1" calling="2" calls="1" param="1" stmt="1" level="1" return="1" vocf="1.5" flin="0" fxln="0" ncalls="1">
</function>
<function name="Exp_f32" path="1" goto="0" vg="1" calling="6" calls="1" param="1" stmt="1" level="1" return="1" vocf="1.5" flin="0" fxln="0" ncalls="1">
</function>
<function name="Cos_f32" path="1" goto="0" vg="1" calling="0" calls="1" param="1" stmt="1" level="1" return="1" vocf="1.5" flin="0" fxln="0" ncalls="1">
</function>
<function name="Sin_f32" path="1" goto="0" vg="1" calling="0" calls="1" param="1" stmt="1" level="1" return="1" vocf="1.5" flin="0" fxln="0" ncalls="1">
</function>
<function name="Arctan2_f32" path="1" goto="0" vg="1" calling="0" calls="1" param="2" stmt="1" level="1" return="1" vocf="1.7" flin="0" fxln="0" ncalls="1">
</function>
<function name="Lim_f32" path="1" goto="0" vg="3" calling="2" calls="0" param="3" stmt="1" level="1" return="1" vocf="3.1" flin="0" fxln="0" ncalls="0">
</function>
<function name="Lim_u32" path="1" goto="0" vg="3" calling="0" calls="0" param="3" stmt="1" level="1" return="1" vocf="3.1" flin="0" fxln="0" ncalls="0">
</function>
<function name="Lim_s32" path="1" goto="0" vg="3" calling="0" calls="0" param="3" stmt="1" level="1" return="1" vocf="3.1" flin="0" fxln="0" ncalls="0">
</function>
<function name="Lim_u16" path="1" goto="0" vg="3" calling="0" calls="0" param="3" stmt="1" level="1" return="1" vocf="3.1" flin="0" fxln="0" ncalls="0">
</function>
<function name="Lim_s16" path="1" goto="0" vg="3" calling="0" calls="0" param="3" stmt="1" level="1" return="1" vocf="3.1" flin="0" fxln="0" ncalls="0">
</function>
<function name="Lim_u08" path="1" goto="0" vg="3" calling="0" calls="0" param="3" stmt="1" level="1" return="1" vocf="3.1" flin="0" fxln="0" ncalls="0">
</function>
<function name="Lim_s08" path="1" goto="0" vg="3" calling="0" calls="0" param="3" stmt="1" level="1" return="1" vocf="3.1" flin="0" fxln="0" ncalls="0">
</function>
<function name="Max_f32" path="1" goto="0" vg="2" calling="0" calls="0" param="2" stmt="1" level="1" return="1" vocf="2.2" flin="0" fxln="0" ncalls="0">
</function>
<function name="Max_u32" path="1" goto="0" vg="2" calling="0" calls="0" param="2" stmt="1" level="1" return="1" vocf="2.2" flin="0" fxln="0" ncalls="0">
</function>
<function name="Max_s32" path="1" goto="0" vg="2" calling="0" calls="0" param="2" stmt="1" level="1" return="1" vocf="2.2" flin="0" fxln="0" ncalls="0">
</function>
<function name="Max_u16" path="1" goto="0" vg="2" calling="0" calls="0" param="2" stmt="1" level="1" return="1" vocf="2.2" flin="0" fxln="0" ncalls="0">
</function>
<function name="Max_s16" path="1" goto="0" vg="2" calling="0" calls="0" param="2" stmt="1" level="1" return="1" vocf="2.2" flin="0" fxln="0" ncalls="0">
</function>
<function name="Max_u08" path="1" goto="0" vg="2" calling="0" calls="0" param="2" stmt="1" level="1" return="1" vocf="2.2" flin="0" fxln="0" ncalls="0">
</function>
<function name="Max_s08" path="1" goto="0" vg="2" calling="0" calls="0" param="2" stmt="1" level="1" return="1" vocf="2.2" flin="0" fxln="0" ncalls="0">
</function>
<function name="Min_f32" path="1" goto="0" vg="2" calling="0" calls="0" param="2" stmt="1" level="1" return="1" vocf="2.2" flin="0" fxln="0" ncalls="0">
</function>
<function name="Min_u32" path="1" goto="0" vg="2" calling="0" calls="0" param="2" stmt="1" level="1" return="1" vocf="2.2" flin="0" fxln="0" ncalls="0">
</function>
<function name="Min_s32" path="1" goto="0" vg="2" calling="0" calls="0" param="2" stmt="1" level="1" return="1" vocf="2.2" flin="0" fxln="0" ncalls="0">
</function>
<function name="Min_u16" path="1" goto="0" vg="2" calling="0" calls="0" param="2" stmt="1" level="1" return="1" vocf="2.2" flin="0" fxln="0" ncalls="0">
</function>
<function name="Min_s16" path="1" goto="0" vg="2" calling="0" calls="0" param="2" stmt="1" level="1" return="1" vocf="2.2" flin="0" fxln="0" ncalls="0">
</function>
<function name="Min_u08" path="1" goto="0" vg="2" calling="0" calls="0" param="2" stmt="1" level="1" return="1" vocf="2.2" flin="0" fxln="0" ncalls="0">
</function>
<function name="Min_s08" path="1" goto="0" vg="2" calling="0" calls="0" param="2" stmt="1" level="1" return="1" vocf="2.2" flin="0" fxln="0" ncalls="0">
</function>
<function name="Sign_s08_f32" path="1" goto="0" vg="2" calling="0" calls="0" param="1" stmt="1" level="1" return="1" vocf="2.2" flin="0" fxln="0" ncalls="0">
</function>
<function name="Sign_s08_s32" path="1" goto="0" vg="2" calling="0" calls="0" param="1" stmt="1" level="1" return="1" vocf="2.2" flin="0" fxln="0" ncalls="0">
</function>
<function name="Sign_s08_s16" path="1" goto="0" vg="2" calling="0" calls="0" param="1" stmt="1" level="1" return="1" vocf="2.2" flin="0" fxln="0" ncalls="0">
</function>
<function name="Sign_s08_s08" path="1" goto="0" vg="2" calling="0" calls="0" param="1" stmt="1" level="1" return="1" vocf="2.3" flin="0" fxln="0" ncalls="0">
</function>
<function name="Abslt_f32_f32" path="1" goto="0" vg="1" calling="0" calls="1" param="1" stmt="1" level="1" return="1" vocf="1.5" flin="0" fxln="0" ncalls="1">
</function>
<function name="Abslt_u32_s32" path="1" goto="0" vg="2" calling="0" calls="0" param="1" stmt="1" level="1" return="1" vocf="2.8" flin="0" fxln="0" ncalls="0">
</function>
<function name="Abslt_u16_s16" path="1" goto="0" vg="2" calling="0" calls="0" param="1" stmt="1" level="1" return="1" vocf="2.8" flin="0" fxln="0" ncalls="0">
</function>
<function name="Abslt_u08_s08" path="1" goto="0" vg="2" calling="0" calls="0" param="1" stmt="1" level="1" return="1" vocf="2.8" flin="0" fxln="0" ncalls="0">
</function>
<function name="Blnd_f32" path="1" goto="0" vg="1" calling="0" calls="0" param="3" stmt="1" level="1" return="1" vocf="6.0" flin="0" fxln="0" ncalls="0">
</function>
</file>
</project>
