<?xml version="1.0" encoding="UTF-8"?>

<project name="Polyspace" files="2" includes="19" ap_cg_cycle="0" ap_cg_direct_cycle="0" pshv="0" unpshv="0">
<file name="C:\Users\nz2999\Documents\Synergy\ccm_wa\ses_dev_ea4\ES252A_RvsBattProtn_Impl-nz2999\ES252A_RvsBattProtn_Impl\src\RvsBattProtn.c" total_lines="864" lines_without_cmt="72" comf="82" fco="4">
<function name="RvsBattProtnPer1" path="8" goto="0" vg="5" calling="1" calls="3" param="0" stmt="20" level="3" return="0" vocf="5.1" flin="85" fxln="37" ncalls="5">
</function>
<function name="RvsBattProtnInit1" path="1" goto="0" vg="1" calling="1" calls="0" param="0" stmt="0" level="1" return="0" vocf="1.2" flin="10" fxln="0" ncalls="0">
</function>
</file>
<file name="C:\Users\nz2999\Documents\Synergy\ccm_wa\ses_dev_ea4\ES252A_RvsBattProtn_Impl-nz2999\ES252A_RvsBattProtn_Impl\tools\local\generate\Rte_Stubs.c" total_lines="52" lines_without_cmt="30" comf="13" fco="-1">
<function name="Rte_Stub" path="1" goto="0" vg="1" calling="0" calls="2" param="0" stmt="2" level="1" return="0" vocf="1.7" flin="2" fxln="2" ncalls="2">
</function>
<function name="Rte_Call_RvsBattProtn_SetNtcStsAndSnpshtData_Oper" path="1" goto="0" vg="1" calling="1" calls="0" param="7" stmt="8" level="1" return="1" vocf="1.9" flin="8" fxln="8" ncalls="0">
</function>
<function name="Rte_Call_RvsBattProtn_GetNtcQlfrSts_Oper" path="1" goto="0" vg="1" calling="1" calls="0" param="2" stmt="3" level="1" return="1" vocf="1.3" flin="3" fxln="3" ncalls="0">
</function>
<function name="Rte_Call_RvsBattProtn_CnvSnpshtData_f32_Oper" path="1" goto="0" vg="1" calling="1" calls="0" param="2" stmt="3" level="1" return="1" vocf="1.5" flin="3" fxln="3" ncalls="0">
</function>
</file>
</project>
