<?xml version="1.0" encoding="UTF-8"?>
<MISRA-C-Report-Summary>
<File Mode="advisory" Error="0" Warning="1" Total="1">
<Name>
C:\Users\nz2999\Documents\Synergy\ccm_wa\ses_dev_ea4\ES252A_RvsBattProtn_Impl-nz2999\ES252A_RvsBattProtn_Impl\src\RvsBattProtn.c</Name>
</File>
<File Mode="required" Error="0" Warning="14" Total="14">
<Name>
C:\Users\nz2999\Documents\Synergy\ccm_wa\ses_dev_ea4\ES252A_RvsBattProtn_Impl-nz2999\ES252A_RvsBattProtn_Impl\tools\local\generate\RvsBattProtn_Cfg.h</Name>
</File>
<Rule Name="8.10" Count="7" Mode="required" Severity="warning">
<Message>
</Message>
</Rule>
<Rule Name="8.9" Count="7" Mode="required" Severity="warning">
<Message>
</Message>
</Rule>
<Rule Name="19.1" Count="1" Mode="advisory" Severity="warning">
<Message>
#include statements in a file shall only be preceded by other preprocessor directives or comments.</Message>
</Rule>
</MISRA-C-Report-Summary>
