<?xml version="1.0" encoding="UTF-8"?>

<project name="Polyspace" files="1" includes="22" ap_cg_cycle="0" ap_cg_direct_cycle="0" pshv="0" unpshv="0">
<file name="C:\_Synergy_Projects\Working\ses_dev_ea4\MM528A_BmwMsgSlot274Bas0Repn8BusFrChA_Impl\src\BmwMsgSlot274Bas0Repn8BusFrChA.c" total_lines="292" lines_without_cmt="44" comf="100" fco="2">
<function name="CfgMsgTxReq_Oper" path="2" goto="0" vg="2" calling="0" calls="1" param="0" stmt="2" level="1" return="0" vocf="2.2" flin="14" fxln="2" ncalls="1">
</function>
<function name="BmwMsgSlot274Bas0Repn8BusFrChAPer1" path="3" goto="0" vg="3" calling="0" calls="1" param="0" stmt="10" level="2" return="0" vocf="6.0" flin="34" fxln="11" ncalls="2">
</function>
<function name="BmwMsgSlot274Bas0Repn8BusFrChAInit1" path="1" goto="0" vg="1" calling="0" calls="1" param="0" stmt="4" level="1" return="0" vocf="3.0" flin="16" fxln="4" ncalls="1">
</function>
</file>
</project>
