<?xml version="1.0" encoding="UTF-8"?>
<MISRA-C-Report-Summary>
<File Mode="advisory" Error="0" Warning="1" Total="1">
<Name>
C:\_Synergy_Projects\Working\ses_dev_ea4\MM528A_BmwMsgSlot274Bas0Repn8BusFrChA_Impl\src\BmwMsgSlot274Bas0Repn8BusFrChA.c</Name>
</File>
<File Mode="required" Error="0" Warning="4" Total="4">
<Name>
C:\_Synergy_Projects\Working\ses_dev_ea4\MM528A_BmwMsgSlot274Bas0Repn8BusFrChA_Impl\src\BmwMsgSlot274Bas0Repn8BusFrChA.c</Name>
</File>
<Rule Name="8.10" Count="3" Mode="required" Severity="warning">
<Message>
</Message>
</Rule>
<Rule Name="19.1" Count="1" Mode="advisory" Severity="warning">
<Message>
#include statements in a file shall only be preceded by other preprocessor directives or comments.</Message>
</Rule>
<Rule Name="5.1" Count="1" Mode="required" Severity="warning">
<Message>
Identifiers "BmwMsgSlot274Bas0Repn8BusFrChA_STOP_SEC_CODE" (BmwMsgSlot274Bas0Rep ...</Message>
</Rule>
</MISRA-C-Report-Summary>
