<?xml version="1.0" encoding="UTF-8"?>
<MISRA-C-Report-Summary>
<File Mode="required" Error="0" Warning="3" Total="3">
<Name>
C:\Users\nz4826\Documents\Mrudula\Synergy_working\comp_dev_ea4\ES200B_CurrMeas_Impl\include\CDD_CurrMeas_MotCtrl_MemMap.h</Name>
</File>
<File Mode="advisory" Error="0" Warning="4" Total="4">
<Name>
C:\Users\nz4826\Documents\Mrudula\Synergy_working\comp_dev_ea4\ES200B_CurrMeas_Impl\src\CDD_CurrMeas.c</Name>
</File>
<File Mode="required" Error="0" Warning="19" Total="19">
<Name>
C:\Users\nz4826\Documents\Mrudula\Synergy_working\comp_dev_ea4\ES200B_CurrMeas_Impl\src\CDD_CurrMeas.c</Name>
</File>
<File Mode="advisory" Error="0" Warning="2" Total="2">
<Name>
C:\Users\nz4826\Documents\Mrudula\Synergy_working\comp_dev_ea4\ES200B_CurrMeas_Impl\src\CDD_CurrMeas_MotCtrl.c</Name>
</File>
<File Mode="required" Error="0" Warning="4" Total="4">
<Name>
C:\Users\nz4826\Documents\Mrudula\Synergy_working\comp_dev_ea4\ES200B_CurrMeas_Impl\src\CDD_CurrMeas_MotCtrl.c</Name>
</File>
<Rule Name="5.1" Count="19" Mode="required" Severity="warning">
<Message>
</Message>
</Rule>
<Rule Name="19.1" Count="6" Mode="advisory" Severity="warning">
<Message>
#include statements in a file shall only be preceded by other preprocessor directives or comments.</Message>
</Rule>
<Rule Name="1.1" Count="4" Mode="required" Severity="warning">
<Message>
All code shall conform to ISO 9899:1990 Programming languages  C,</Message>
</Rule>
<Rule Name="19.6" Count="2" Mode="required" Severity="warning">
<Message>
#undef shall not be used.</Message>
</Rule>
<Rule Name="19.15" Count="1" Mode="required" Severity="warning">
<Message>
Precautions shall be taken in order to prevent the contents of a header file being included twice.</Message>
</Rule>
</MISRA-C-Report-Summary>
